entertainment	Chika Ike: O nweghị sakramenti jikọọ mụ na Ned Nwoko, di Regina Daniels	"Chika Ike bụ ome ejije Nollywood ekwuola na o nweghị eiokwu dị na-akụkọ na-efegharị nke kwuru na ya na di Regina Daniel bụ Ned Nwoko na-eme enyi. Kepukepu na-efegharị na soshal midia na-arụbu ya aka dịka ihe onyonyo fegharịrị na-egosi ebe onye yiri Nne regiina Daniel bụ Rita Daniels na-eti mkpu sị Chika ike hapụrụ nwa ya di ya. Mana dịka otu onye ihe ya na-amasị jụrụ ya ma ọ na-ayị Ned Nwoko, Chika Ike zara n'aka Instagram si na o nweghị sakramentị jịkọrọ ya na nwoke ahụ nke ọlụlụ ọ lụrụ Regina Daniel n'afọ gara aga wuru ewu na soshal midia. Cheta na abalị ole na ole gara aga na n ne Regina Daniel pụtara gọọ na ọ bụghị eziokwu ihe e kwuru na ya bụ ihe onyonyo ahụ fegharịrị ebe o kwuru nna ọ bụụ na Chika ahapụghị nwa ya na ya ga-agara ya ije na mụọ sị na ihe onyonyo ahụ bụ ""a rụrụ arụ."" Regina Daniels atụnyere ndị ntị na-akọ ọkọ banyere ihe mere na ndụ ya nso nso azụ. Cheta na Regina onye na-ewu na soshal midia kemgbe ọnwa atọ kwere nkwa ịkụwa akịoyibo Nsugbe. N'ozi mgbaama dị n'ihe onyonyo o wepụtata na nsonso, ọ kpọrọ okwu aha kpomkwem sị n'ezie na kepukepu ahụ na-ewu banyere alụmdi ya bụ eziokwu. Regina, onye aha Igbo ya bụ, Nneamaka, kwuru sị ""Alụọla m di"" dịka o wepụtara ọla aka dị ya n'aka tinye na mkpịsịaka nke so ọdụdụaka. Ọ gara n'ihu zaa ndị na-ekwu na ọ bụ maka  ego mere o jiri lụọ onye tọrọ ya mgba n'elu, mgba n'ala sị, ""Obi na atọ m ka nnu ugbua n'ihi na ịhụnanay na-egbu m ka mmanya."" Ọ tụpụkwara egbe ntụnala dịka o kwuru na onye ikpeazụ o degara ozi n'ekwe ntị bụ Somadina. Cheta na dịka akụkọ na ọ lụụ onye ndọrọrọndọọ ọchịchị ama ama bụ Ned Nwoko na-ewu, akụkọ na ọ gbahapụrụ Somadina bụ onye ọtụtụ na-arụ aka na ọ bụ enyi ya nwoke wukwara."	https://www.bbc.com/igbo/afirika-48637928
religion	Etu e si gbuo ụkọchukwu Alakuba n'Ebonyi steeti	"Akụkọ pụtara na-ekwu na ndị omekome bu egbe agagbuola Sheikh Ibrahim Iyiorji bụ ụkọchukwu Alakuba n'Ebonyi steeti. Ha kọwara na ọ bụ n'abalị ụbọchị Sunde ka awakporo ụlọ ya dị n'Isu n'okpuruọchịchị Onicha dị na steeti ahụ. Onye kwuputara ozi ọnwụ ya bụ Muhammad Kabir Orjiegbulam n'otu a kpọrọ Islam in Igbo Land dị na Facebook kọwara etu o si me. ""Nwanne anyị anwụọla ugbua n'ụlọọgwụ Federal Teaching dị n'Abakaliki"" ka o depụtara n'otu ahụ. O kwukwara na agbara ya egbe n'ubu nakwa n'afọ dị nso n'obi ya n'abalị ụbọchị Sunde. ""E liela ya (Iyiorji) dịka iwu kwadoro okpukpere anyị si nye"" ka o kwukwara. Mgbo niile a gbara ịnweta ndị uweojii Ebonyi steeti amịtaghị mkpụru dịka ọnụ na-ekwuru ha bụ Chris Anyanwụ azaghị ekwentị ya. Ibrahim Iyiorji bụ onye Ohaozara Isu dị n'okpuruọchịchị Onicha dị n'Ebonyi steeti. Ọ gụchara akwụkwọ ma kuziwe nkuzi na Islamic Centre dị n'Afikpo kemgbe 1982. A mụrụ ya 25 Juun afọ 1965. Ọ lụrụ nwaanyị ma mụta ụmụ ise, nwaanyị anọ nakwa otu nwoke. Nwunye kọwara na ha nọ be ha na mgbede ụbọchị ụka mgbe dimkpa isii bu egbe nọ n'ọgbaatumtum atọ dabatara na be ha. Ha hụrụ nwaanyị ahụ ebe ọ nọ n'iro ma kpọrọ ya baa n'ime na-ajụ ha maka ego, sị ha weta ego ha debere. Ọ bụ ka nke a na-eme ka debere nwoke ahụ n'ala ma gbanye ya egbe n'afọ nakwa n'ubu ya. O bibu n'Enọhịa n'Afikpo ebe ọ na-akụzi nkuzi mana o nwetara ụlọ nkuzi ọzọ n'Ohaozara nke mere ka ya na ezinaụlọ ya laghachite n'obodo ya. Ezinaụlọ nwoke ahụ nwụrụ bụ Iyiorji nakwa otu ndi okpukpere Alakuba dị n'Ebonyi steeti ekpesala okwu ọnwụ na mwakpo a n'aka ndị uweojii. Kabir Orjiegbulam gwakwara BBC Igbo n'ekwentị na ihe na-eme ndị okpukperechi ha adịghị ya mma n'obi. Ọ kọwara na o teela aka ndị mmadụ na-ezigara ha ozi mmaja na peeji ha ebe ha nwere ọgbakọ na Facebook. Ọ sị na ọ bụ ndị ""unknown gunmen"" gara be Iyiorji gbaa ya egbe ugboro anọ maọbụ ise. ""E buru ya gaa ụlọọgwụ dị n'Abakaliki, n'abalị ụbọchị Monde, ọ nwụọ, anyị e lie ya"". ""Ọ bụ ndị unknown gunmen, ha na-ezigara anyị ozi mmaja nakwa ozi ịkpọasị oge niile"" ka o kwuru. O kwukwara na a na-akpaso ndị okpukperechi Alakuba ndị Igbo ajọ agwa. Orjiegbulam sị ""O nwee etu e si kwute maka Peter Obi, e lewe anyị anya, e kwuo maka anyị, e kwuo maka Nnamdi Kanu elewe anyị anya, ọ dịghị mma!"""	https://www.bbc.com/igbo/articles/cd12lwne94do
religion	L﻿ee ihe Bishop Katọlik Enugu kwuru ga-eme dịka ụka Adoration Ministry na-emepe ọzọ	Ụ﻿lọụka Adoration Ministry Enugu ewepụtala ozi kwuru na ha ga-amalite ịkawa ụka ọzọ n'ụbọchị abụọ nke ọnwa Ọktoba, 2022. Fada Ejike Mbaka bụ onyeisi ụka ahụ, binyere aka na ya bụ ozi e ziputere na Facebook ha. B﻿BC kpọtụrụ Katọlik Dayọsis nke Enugwu steeti, nke Fada Mbaka nọ n'okpuru ya ma bụrụkwa ndị nyere ya mmachi a machiri ha kemgbe ọnwa Juun, 2022. H﻿a gwara BBC na n'ezie, Fada Mbaka ga-aka ụka ahụ n'ụbọchị ha ga-emepegharị ya bụ ụlọụka Adoration. Fada Benjamin Achi bụ ọnụ na-ekwuru Katọlik Dayọsis nke Enugwu steeti,﻿ gakwara n'ihu kwuo na ihe ndị ọzọ ga-eso ya ga-abịazị mgbe a kachara ụka ahụ n'ụbọchị Sọnde. N﻿'ụbọchị 17 nke ọnwa Juun ka Bishop Callistus Onaga, bụ Bishọp Enugwu Katọlik Dayọsis, nyere iwu ka e mechie ụlọụka Adoration Ministry nke Enugwu steeti. N﻿'ozi o ziputere ka ọ na-amachi ụlọụka ahụ, Bishọp kwuru na ha ga-eme nnyocha n'isi Fada Mbaka. O﻿ kwuru sị “N’ihi ọtụtụ ihe ndị na-eme n’Adoration Ministry nke megidere okwukwe na nkuzi ndị Katọlik; a dọọla Fada Mbaka aka na ntị ọtụtụ oge mana o geghi ntị na ntuziaka ndị a. Site n'ikike na ọrụ m dịka onyeisi ọzụzụ atụrụ nke Katọlik Enugwu Dayọsis, amachiela ndị Katọlik (ụkọchukwu, ndị ụka) ịga n’Adoration Ministry efe ofufe ruo mgbe e mechara nnyocha ndị ndu Katọlik na-eme n’isi Fada Mbaka”. C﻿heta na n'afọ 2021, Fada Mbaka jikwa aka ya mechie Adoration Ministry otu ọnwa na Mee, ka ọ gara ikpe ekpere otu ọnwa. N﻿ke a mere dịka ọ rịọchara Bishọp Onaga mgbaghara maka ngagharịiwe nke ndị ụka ya mere nke butere ọgbaghara na mmebi ngwongwo ndị ụka. Fr Ejike Camillus Mbaka bụ ụkọchukwu Katọlik na-arụ ọrụ na Dayọsis nke Enugwu, na mpaghara Ọwụwa Anyanwụ Naịjirịa. Ọ bụkwaya ya bụ onyeisi ụlọ ekpere a na-akpọ 'Adoration Ministry Enugwu, Nigeria' (AMEN). E chiri ya ụkọchukwu n'ọnwa Julaị nke afọ 1995, nke pụtara na ọ rụọla ọrụ dịka ụkọchukwu ihe ruru afọ 27 ugbua. Otu ihe e ji mara Mbaka bụ na ọ na-ebukarị amụma gbasara ndọrọndọrọ ọchịchị, ntuliaka, nakwa ndị ga-emeri ntuliaka.	https://www.bbc.com/igbo/articles/cjrnjzjnrxxo
health	Lassa Fever Outbreak: Etu e si eme ka garri ghara ibunye mmadụ ọrịa	Garị bụ nri ndị mmadụ na-erikarị na Naịjirịa. Ebe ụfọdụ na-aṅụ ya aṅụ, ụfọdụ na-elo ya ka nri olulo. Aha garị na-ewu ewu ugbua makana ndị mmadụ na-ekwu na iri ya nwereike ịbụ usoro e ji ebute ọrịa Lassa. Ihe mere nke a bụ makana anaghị esi gari a na-aṅụ aṅụ n'ọkụ. Isi nri n'ọkụ so n'ime usoro kachasị e ji egbu nje na-adị na nri. Okwu garị malitere n'etu e si eme ya. Njem garị na-amalite n'ugbo, ebe ọ ga-esi gaa ebe a ga-akwọ ya ma a bachasịa ya. Akwọchaa ya, ọ bụrụzịa ighe ya eghe. E ghechaa ya, a gbaa ya n'akpa ebe a ga-esi na-ewere ya ọ ma a chọọ garị a na-elo elo maọbụ nke a na-awụnye na mmiri ṅụọ. Gịnị jikọrọ garị na ịba Lassa? Ebe ndị mmadụ na-esi ekwute okwu ịba Lassa na garị bụ na a na-eche na oke - bụ anụmanụ na-ebukarị ọrịa Lassa - na-abanyekarị na garị dị n'ụlọ ma ọ bụrụ na egbochighi ya ọfụma. Mana, o nwekwara ndị na-agbasa garị n'anwụ ma ha ghechaa ya. Oke bu nje a nwereike ijiri ohere a garị nọ na mbara/ezi banye n'ime ya, metọchaa ya mgbe ọ rịrị ya elu, ma tinyekwa ya nje ahụ. Mmadụ kporozie ya wụnye na mmiri ṅụọ o kote okwu. Ọ bụrụ na ị goro garị n'ahịa lee ihe i ga-eme ka ọ bụrụ ihe agaghị ebunye gị ọrịa: Ọ bụrụ nke i ji aka gị eme ya: Site n'usoro ndị a, mgbochi ịba Lassa ga-enwe isi. Mana, matakwa na ọ bụghi sọsọ garri ka e si enweta ya bụ ọrịa, onwe etu ahụ sị eme gị biko jiri ọsọ gaa n'ụlọọgwụ. Akụkọ ga-amasị gị:	https://www.bbc.com/igbo/afirika-51222234
business	Drop in inflation: Ọnụ ahịa ihe a na-ere n'ahịa adaala n'ezie?	Ndị ọkamụta na-agbagha ihe NBS kwuru maka nkwupụta ngalaba na-ahụ maka ngụkọ na Naijiria nke a kpọrọ 'National Bureau of Statistics'(NBS) nke kwuru na ọnụ ahịa adaala karịa etu ọdị n'ọnwa ole gara aga. NBS kwuru na nsonso na ọnụ ahịa ihe na-ada n'ahịa(inflation) agbatuola karịa ka ọ dị n'ọnwa gara aga dịka o jiri  0.18  pasent daa rue 11.22 site na  11.40 pasent  ọ bụbu. Mana ụfọdụ ndị ọkachammara n'okwu akụnaụba kwuru na okwu ahụ adabeghị.	https://www.bbc.com/igbo/media-49010108
sports	Arsenal vs Aston Villa: Arsenal azaala 'nna m agụ' taa	"Aston Villa bịara n'ụlọ ndị Arsenal kpaa ha aka n'ọdụ mana Arsenal gosiri ha ihe o ji bụrụ nna m agụ. Arsenal si n'azụ were ọkpụ goolu atọ asatara abụọ merie ndị Aston Villa n'asọmpi nke taa. N'isi ụtụ ihe dịka nkeji 20 ka ndị Aston Villa gbara aka ahịa ma nye Arsenal goolu nke si n'aka J. McGinn. Dịka ọgụ a na-aga n'ihu onye bụ A. Maitland-Niles kotere ụka mere ogbu bọọlụ ji chụpụ ya na nkeji 41. Arsenal nwetere ohere penariti nke N.Pepe nyere ha goolu na nkeji 59. Mana Aston Villa zaghachịrị mgbe Wesley nyere goolu nke abụọ ha na nkeji 60. Nke a gbawara Arsenal obi mere ha ji were iwe nye goolu abụọ na nkeji 81 na 84 site n'aka Calum Chambers na Pierre-Emerick Aubameyang. Mmerie a mere ka Arsenal bụrụ ndị anọ n'ogogo tebụlụ Premier League. Man City azọọla Watford aja O dị otu Watford ka nrọ taa dịka otu Manchester City ziri ha egwu mmọnwụ. City kụnyere ha isi agba okpu mgbe ha nyere goolu asatọ asataghị otu n'asọmpị ha taa. Ihe ịtụ anya ndị mmadụ na-ekwu maka ya bụ na goolu ise n'ime ha bụ n'ime nkeji 18 ka enyere ha niile. Etu e si nye goolu ndị a bụ Bernado Silva na nkeji 1, Sergio Arguero na nkeji 7, Riyad Mahrez na nkeji 12, Bernado Silva na nkeji 15 nakwa Nicolas Otamendi na nkeji 18. Goolu ise ahụ bu etu e si mechi agba nke mbụ. N'agba nke abụọ, otu Watford kuliri n'ụra gbalịa ịnye goolu mana ọ mịtaghị mkpụrụ. Kama ihe mere bụ na Bernado Silva gbawara ụzọ goolu ọzọ na nkeji 48 nakwa na nkeji 60. Kevin De Bruyne dọkaziri neeti ndị Watford kpam kpam na nkeji 85 mgbe o nyere goolu nke ya. Onye ma ka obi ga-adị onye nche bọọlụ otu Watford ugbua? Taa ka ụlọikpe ga-ekwu hoo haa onye meriri ntụliaka ọkwa Gọvanọ emere n'Imo n'ọnwa maachị. Dịka ọ dị ugbua ha na-emezi nchịkọta ikpe ahụ nke Uche Nwosu, Ifeanyi Ararume na Hope Uzodinma gbara Emeka Ihedioha na-ekwu na mmeri ya ezighi ezi. Allen Onyema onye nwe ụlọọrụ AirPeace ekwuola na ha ga-aga ọzọ na mba Sawụt Afrịka bulata ụmu Naịjirịa ndị ọzọ ka chọrọ ịnata. O rụtụkwara ndị uweojii nke mba Saụt Afrịka aka kwuo na ha na-ada agbachi nkịtị ma a na-emebisi ihe ụmụ Naịjirịa n'ihi Xenophobia. Gọọmentị mba Kongo akwadola iwepụta ọgwụ mgbochi ọrịa Ebola nke abụọ iji belata ofufe ọrịa ahụ. Orịa Ebola egbuola ihe karịrị mmadụ puku iri n'otu site n'afọ 2014 rue afọ 2016. Gọọmentị etiti agbaala Omoyele Sowore akwụkwọ n'ụlọikpe na-ebo ya ebubo ibupu ego na nzuzo nakwa ịchọ ịkwatụ ọchịchị onyeisiala Muhammadu Buhari. Ha kwukwara na Sowore kparịrị Buhari na mkparịtaụka ya na ndị ntaakụkọ mere mgbe gara aga. Sowore bụ onye nwe ụlọọrụ ntaakụkọ 'Sahara Reporters'. O sokwa zọọ ọkwa onyeisiala na ntuliaka e mere n'ọnwa Febrụwarị afọ a n'otu Lee ihe ụfọdụ ndị mmadụ kwuru: @Omojuwa kwuru na nwuchi Sowore bụ ihe ihere nye gọọmentị etiti. Oti egwu a ma ama bụ Adekunle Gold gosikwara iwe ya. @OgbeniDipo bụ onye ọka nkụzi kwuru na onweghi ihe ọjọọ ọbụla Sowore mere ma gwa gọọmentị etiti ka ha tọhapụ ya. @markessien kwuru na ọbụ sọ okwu ka Sowore kwuru. Ndị ọrụ uweojii nzuzo Naịjirịa a kpọrọ 'Department of State Services' (DSS) nwụchiri Sowore n'abalị abụọ nke ọnwa Ọgọst. Ihe e ji nwụchie ya bụ maka ịhazi ngagharịiwe nke ọ kpọrọ 'Revolution Now'. Sowore kwuru na ngagharịiwe ahụ bụ maka ọchịchị ọjọọ nke si n'aka gọọmentị etiti. Cheta na ụlọikpe enyebuola ikike ka ndị DSS jide Sowore ruo abali iri anọ na ise. Mana ka ọgachara abalị iri ise Sowore nọrọ na mkpọrọ, gọọmentị etiti agbaala ya akwụkwọ. Gọọmentị boro ya ebubo na o ji ụzọ aghụghọ zipu ego dị dọla 74,400. Ha kwuru na o zipuru $19,975 n'ọnwa Eprel, zipu $20,475, n'ọnwa May, zipu $16,975 n'ọnwa Jun, ma zipukwa $16,975 ọzọ n'ọnwa Julaị 2019. Ọzọkwa, gọọmentị kwuru na Sowore chọrọ iji ngagharịiwe 'Revolution Now' wee chutuo onyeisiala Muhammadu Buhari n'ọchịchị Mmechi 'border' na-amịta mkpụrụ Onyeisiala Muhammadu Buhari ekwuola na mmechi emechiri oke ala Naịjiria na mba ndị ọzọ gbara ya okirikiri na-amịta mkpụrụ. O kwuru nke a mgbe ụfọdụ ndị ma ihe ekwe n'akụ maka azụmahịa bịara leta ya n'Abuja ụnyahụ. Ndị ahụ gụnyere otu 'Nigerian Association for Chamber of Commerce, Industry, Mines and Agriculture (NACCIMA) na ndị otu 'Federation of West African Chambers of Commerce and Industry (FEWACCI)'. Buharị kọwara na oteela aka Naịjiria jị arịọ arịrịọ ka mba ndị gbara ya okirikiri gbochilata mbubata ahịa adigboroja nakwa ntụbata ngwaahịa n'ụzọ ezighi ezi. Mana mmechi 'border' bụ iji wee gbaa ụzọ owere mgba ka o wee chie. Onyeisi ụlọ omeiwu nta bụ Femi Gbajabiamila agbarụọla ihu etu ndi isi ọrụ nchekwa ụfọdụ siri gbajọọ ọgbakọ ọ kpọrọ iji chọọ ụzọ a ga-esi wulite nchekwa na Naịjiria. Gbajabiamila kwuru na ọ gbara ya gharịị etu ndị isi agha, nke ndị agha ụgbọelu na nke ndị ụgbọmmiri si hapụ ịbịa ọgbakọ ahụ kama zite ndị nnọchịanya. N'okwu ya: ""Nke a gosiri na onweghị ihe ha ji ụlọomeiwu a kpọrọ."" ""A ga m akọrọ onyeisiala Muhammadu Buhari ihe a ka ọ mara etu a ga-esi lebaa ya anya."" Gbajabiamila rịọrọ onyeisi ndị uweojii bụ Mohammed Adamu nakwa onyeisi ngalaba na-ahụ maka mbata ndị mmadụ na Naịjirịa bụ Muhammad Babandende mgbaghara. Ọ chụghachiri ndị bịara ịnọchite anya ndịisi ndị agha, ma yigharịa ọgbakọ ahụ ka ọ dịzie ụbọchị Monde, abalị iri abụọ na atọ nke ọnwa Sepụtemba. Mba Amerịka ekpebiela na ha ga-eziga ndị agha ha na mba Saụdi Arebia dịka a tụrụ ogbunigwe abụọ na ụlọọrụ na-amịpụta mmanụ agbidi na mba ahụ. Dịka onyeisi ọrụ nchekwa Amerịka bụ Mark Esper si kwuo, ọrụ ndị agha ahụ ga-abụ ịga gbochi ọgbatauhie. Mana ka ọ dị ugbua, amabeghi ndị agha mmadụ ole a ga-eziga njem ahụ. Amerịka na Saụdi Arebia na-ebo mba Iran ebubo maka ịtụ ogbunigwe abụọ ahụ, mana otu ndị oyi egwu a kpọrọ Houthi rebels sị na ọ bụ ha tụrụ ya. Onye nkuzi a ma ama bụ Jose Mourinho agwala ndị mmadụ ka ha ghara ịkpọ ya aha gbasara ịnaghara Zinedine Zidan ọrụ na Real Madrid. Mourinho gwara ụlọọrụ ntaakụkọ dị na Spen a kpọrọ Deportes Cuatro na Zidan abụghị onye a ga-eleda anya ma abịa na nkuzi bọọlụ. O kwuru na agbanyeghi otu ihe si kwuru na ihe ajọghị njọ n'otu bọọlụ Real Madrid ugbua dịka ndị mmadụ si eche. Ọ kọwakwara na ihe ka ya mkpa ugbua bụ ịmụta asụsụ Jamini maka adịghị ama ama o nweta ọrụ na mba ahụ n'ọdinhu. Asụsụ Jamani ga-abụ asụsụ nke isii Mourinho ma asụ. Gee nkeji ebe a: Akụkọ ndị ọzọ ga-amasị gị: Ihe nkiri ga-amasị gị:"	https://www.bbc.com/igbo/media-49779820
religion	Ihe mere eji chụọ ụkọchukwu Anglịkan n'Ezinifite - Aguata Dayọsis	"Dịka ọtụtụ mmadụ ka na-ajụ ihe kpatara ndị Ezinifite jiri gbachie ụlọụka Immanuel dị na be ha ụbọchị ụka, ọnụ na-ekwuru Dayọsis Anglịkan nke Agụata agwala BBC ebe mmiri siri banye n'akị oyibo. Abuchi Nwozor sị na okwu ahụ malitere kemgbe afọ 2017 oge Dayọsis ahụ mechara nnyocha were chụọ ụfọdụ ụkọchụkwu ""makana ha na-edina nwoke ibe ha."" ""Ihe mezịrị bụ na ụkọchukwu na-ahụ maka Ezinifite, bụ Emma Ekejiuba, gara ebe a na-akwa ozu wee kwuo na otu n'ime ndị a achụrụ enweghị ihe o mere were kpọọ ya ka o soro ya kpee ekpere."""	https://www.bbc.com/igbo/afirika-54065603
entertainment	Patrick Chuka na-eji mkpịsị odee ese ihe akọwaala etu o si malite	Patrick Chuka bụ nwaamadị na-eji mkpịsị odee ese ihe. Chuka dị afọ 20 gwara BBC Igbo na ọ bụ ya ji aka ya kuziere onwe ya etu e si eji mkpịsị odee ese ihe. Chuka bi na mba Amerịka ugbua, kwukwara na ise ihe bụ akaraka ya. O kwuru na otu ihe na-enyetu ya nsogbu n'ọrụ a, bụ ịhụ ndị ga-agba ya aka ahịa. Mana nke a egbochighi ya inye ndị ntorobia ibe ya na-eme nka ndụmọdụ, ebe ọ gwara ha ka ha gbasie mbọ ike ma na-achụsi nrọ ha ike. Gere ihe o kwuru n'uju: Ndị mere akụkọ a bụ Chiagozie Nwonwu na Chiemela Peter Mgbeahuru	https://www.bbc.com/igbo/media-54739824
health	Coronavirus: Ihe o ji raa ahụ ịkwụsị ndị mmadụ imetu aka n'ihu ya	"Otu n'ime ihe dị iche anyị na ụmụanụ bụ na mmadụ na-emetukarị aka n'ihu na-amaghị ama. Ọ bụ agwa a na-enyekarị ọrịa Covid 19 aka agbasa. Maka gịnị ka anyị ji emekarị ya ma kedụ otu anyị ga-esị kwụsị ya? Gịnị ka anyị ji eme ya? Ọ dịka ọ bụ ebum pụtaụwa na mmadụ na ụfọdụ anụmanụ dịka adaka na-emetụkarị aka n'ihu ha. Ọkammụta na Saịkọlọji bụ Dacher Keltner nke mahadum UC Berkeley for America sị na imetu aka n'ihu na-eme ka mmadụ nwete onwe ya ma mgbe ụfọdụ anyị na-eme ya ma anyị hụ onye anyị huru na anya. Ndị ọkammụta ọzọ gbasara agwa mmadụ sị na anyị na-eme  ya mgbe ụfọdụ ka anyị were chịkọnata obi anyị maọbụ dowe obi anyị otu ebe. Mana nsogbu bụ na ọ bụ ya bụ agwa na-ebusa nje n'ahụ mmadụ. Iji maa atụ, ọrịa Covid 19 na-esi na mmiri ahụ mmadụ dịka asọmmiri abanye ndị ọzọ n'imi maọbụ n'ọnụ. Mmadụ nwere ike ibute nje site n'imetu ihe ya bụ nje dị aka bụ ebe ọ nwere ike ịnọ rụọ abalị itoolu. Ọ bụ ogologo ndụ a ya bụ nje na adị, ya na ka o sị esi n'aka mmadụ meturu n'ihu banye na ahụ mmadụ mere ya bụ nje ji dị ajọ njọ. Ọkammụta ndị Mahadum Leeds bụ Stephen Griffin na-akọwa na iji akwanza  bekee kpọrọ  ""face mask"" kpuchie ihu nwere ike ime ka mmadụ metudebe aka n'ihu karịa ịza ikuku nke ha che na  o bu nje ọrịa ahụ. Ọkammụta n'ihe gbara agwa ndi mmadụ na Mahadum Columbia bụ Michael Hallsworth sị na ịkwusị ndị mmadụ imetu aka n'ihu ha hiara ahụ. Ọ sị na ọ ka mfe ịsị ndị mmadụ kwọwa aka karịa ịsị ha emetuzila aka n'ihu. Ọkammụta a sị ka anyị chọwa ihe mere mmadụ jikarị emetu aka n'ihu iji mata ka anyị ga-esi kwọọ ya bụ ọrịa. ""Ọ mara atụ sị na onye ọkọ na-akọ n'ihu nwere ike iji azụ aka kọo ya karịa iji mbọ"". Ọ sịkwa na ""ọ bụghị na nke ahụ dị mma kama na ọ ka mma"". Ọ sịkwa ""ndị na-akọkarị ọkọ n'anya nwere ike iyi ugegbe anya, maọbụ tukwuruala n'elụ aka ha ị iji gbalahụ ọnwụnwa ya"". Ị nwere ike iji ihe ndị ọzọ ị ga-eji emegharị aka dịka nke akpọrọ ""stress ball"" na Bekee bụ nke ị ga-eji ọgwụ eji egbu nje hichaa nke ọma. Mana a eyikwala afe aka Bekee kpọrọ ""glove"" maka ọ bụrụ na ị naghị agbawe ya ka o kwesiri ma yiri ya na-akwọ aka gị, nje nwere ike ị banye na ya. Ụzọ kacha mma iji gbochie ya bụ ọrịa bụ ịkwọcha aka nke ọma. Dịka onyeisi na WHO bụ Tedros Adhanom Ghebreyesus kwuru ""e chela ka e wepụta ọgwụ mgbochi ọrịa a, ị mara ihe ị ga-eme iji nyere onwe gị na ndị ọzọ ka taa, bido ozugbo""."	https://www.bbc.com/igbo/afirika-51785631
politics	Shettima, Lai Mohammed, Okonjo-Iweala na ndị ndọrọndọrọ ọchịchị ekike ha wuru ewu na soshal midia	Kamgbe foto Kashim Shettima pụtachara dịka ọ gara ọgbakọ ndị 'Nigeria Bar Association' n'ụbọchị Mọnde, Ọgọst 22, 2022, ndị mmadụ na soshal midia aṅụbeghị mmiri tọgbọ iko. Ọtụtụ ewepụtela foto ebe ha kere ekike dịka nke Shettima; ụfọdụ mere nke a n'ụdị ihe ịkpa ọchị, ebe ndị ọzọ mere ya dịka nkwado. Nke a abụghị nke mbụ ekike onye ndọrọndọrọ ọchịchị na-akpalite akụkọ wuru ewu na soshal midia. Lee ụfọdụ ndị a ma ama ekike ha wurula ewu: Nke a bụ nke na-ewu ugbua na soshal midia. Kashim Shettima bụ aka chịburu Borno steeti, ma bụrụkwa onye na-azọ ọkwa osote onyeisiala Naịjirịa na party 'All Progressives Congress'. Ndị dịka Festus Keyamo, bụ Mịnịsta nta na-ahụ maka ndị ọrụ na Naịjirịa, nakwa otiegwu Charles Oputa, onye e ji Charly Boy mara, ewepụtela foto ebe ha kere ekike dịka Shettima. Foto ekike Onyeisiala Muhammadu Buhari wukwara ewu na soshal midia oge ọ gara njem nleta n'Imo steeti n'afọ 2021. Na foto ahụ, Buhari yi akwa Isi Agu ma yirikwa traụza nke ọ dịka ọnụ ụkwụ ya anaghị erucha ala. Dịka foto ahụ pụtachara, ọtụtụ mmadụ, ọ kachasị ndị ọkpa ọchị yikwara ụdị uwe ahụ n'ụzọ iji kpaa ọchị. Ngozi Okonjo-iweala bụ onyeisi otu na-ahụ maka ịtụ mgbere ahịa n'ụwa niile nke a kpọrọ 'World Trade Organisation'. Nwa ada a arụbuola ọrụ ugboro abụọ dịka mịnịsa na-ahụ maka akụnaụba Naịjirịa. N'ọnwa Febrụwarị afọ 2021, dịka Okonjo-Iweala merichara ntuliaka dịka onyeisi WTO, ọtụtụ ụmụnwaanyị na Naịjirịa malitere ihe ha kpọrọ #BeLikeNgoziChallenge. Ha bidoro ike ekike dịka Ngozi Okonjo-Iweala iji gosi ịhụnanya ha nwere n'ebe nwaanyị a nọ nakwa iji too ya maka aha ọma ọ na-ewetara Naịjirịa. Nke a mere n'ọnwa Febrụwarị afọ 2018 oge Mịnịsta mgbasaozi bụ Lai Mohammed gara njem nleta na mba Spen. Foto fesara na soshal midịa nke gosiri ebe Mohammed gara leta n'ama egwuregwu ndị otu bọọlụ Real Madrid. Na foto ndị ahụ, Mohammed yi akwa agbada ma yikwasa ya 'coat' n'elu. Ụfọdụ kwuru na ekike ahụ adabaghị adaba, ebe ndị ọzọ kọwara na nke a nwereike ịbụ maka na Febụwarị bụ oge 'Winter' nke bụ oge nnukwu oyi na-atụ na mpaghara Yurop. Patience Jonathan, nwunye aka chịburu Naịjirịa bụ Goodluck Jonathan wuru ewu na soshal midia maka ekike ya n'ụbọchị ekeresimesi afọ 2017. Uwe ahụ dịka o nwere ọtụtụ ugbele nnụnnụ na ya, nke mere ọtụtụ ndị mmadụ ji were ya na-atụnyere ọkụkọ ọcha. N'oge Barack Obama bụ onyeisiala Amerịka, ụfọdụ ndị mmadụ katọrọ foto nwunye ya bụ Michelle dịka ha kwuru na nwunye Onyeisiala ekwesịghị iyi akwa na-egosi aka ya. Mana ọtụtụ ndị ọzọ kwadoro Michelle ma kwuo na nkatọ a na-akatọ ya erijughị afọ.	https://www.bbc.com/igbo/articles/c9x38yprzy7o
religion	Fire Outbreak: Ọkụ agbagbuola Fada n'ụlọụka Katọlik	Ndị uweojii Anambra steeti ekwuola na ha na-enyocha ihe mere otu ụkọchukwu ọkụ gbagburu n'Nnewi, Anambra steeti. Ọkụ agbagbuola otụ ụkọchụkwụ Katọlịk a kpọrọ Fada Edmond Nwagbala n'ụlọụka St. Peters Claver Katọlik dị na Nnewi Ichi Uruagu dị n'Anambra Steeti. Ndị bi nso ebe ihe mere kwuru na ha n'ụlọ ha nụ ka ihe gbara ha gbapụta ị mara ihe dara ụdọ ahụ were hụ ọkụ na-agba n'ụlọ Fadaa ahụ 'ebe elekere mbụ nke isi ụtụtụ Satọdee. Ọnụ na-ekwuru ndị uweojii bụ Haruna Muhammed sị na ọkụ a malitere ịgba n'elekere anọ nke isi ụtụtụ 16 Nọvemba, 2019. Ọkụ a na-amabeghi ihe kpatara ya gbara ebe obibi ụlọụka ahụ bụ ebe Fada Edmund Nwagbala dị afọ iri isii bi ma gbaa ya nke a na-amaghị onye ọ bụ. Haruna sị na ndị ọrụ nchekwa uweojii ngalaba Otolo nakwa ndị na-agbanyụ ọkụ wụchiri ebe ahụ bịa gbayụọ ọkụ a. Ngwa ngwa ebu Fada Edmund gawa ụlọọgwụ mana e kwupụtara ọnwụ ya, e tinye zie ya n'ụlọozu maka nyocha. Ọ sị na kọmishona ndị uwojii n'Anambra bụ John B. Abang enyela iwu ka a malite nyocha tara ọchịchị banyere nke a. Ndị ntọrị tọrọ Fada Theophilus Ndulue, nke ụlọụka St. Patrick Katọlik Ihuonyia, Amansi-Odo, dị n'okpuruọchịchị Ezeagu n'Enugwu Steeti. Nke a mere na mgbede ụbọchị Fraịde 15 Nọvemba, 2019, Mgbe o si nzukọ ndị ụkọchukwu na-alọta. Ọ bụ ọnụ na-ekwuru ụlọụka a bụ Fada Benjamin Achi mere ka a mata nke a. Ọ sị na a tọrọ Fada Theophilus na onyeisi ndị ụmụnwaanyị bụ ha mechara tọhapụ dịka otu awa gachara mana Fada a ka nọ n'aka ndị a. Ndị ntọrị a akpọbeghi ezinaụlọ Fada Theophilus maọbụ ndị isi ụlọụka maka ịjụ ajụjụ n'isi ya. Nke a ga-abụ ugboro ise ndị ntọrị na-atọrọ ndị ụkọchukwu Katọlik n'Enugwu Steeti.	https://www.bbc.com/igbo/afirika-50446451
entertainment	Ikpe ọnwụ amaala Uduak Akpan maka igbu Iniubong Umoren	Ọkaikpe Bassey Nkanang n'ụloikpe elu dị n'Akwa Ibom atụọla Uduak Akpanm ikpe ọnwụ maka ogbugbu Iniubong Umoren. Cheta na Umoren bụ nwata nwaanyị gụchara mahadum na-achọ ọrụ were danya n'aka Uduak Akpan bụ onye gburu ya. ★ N'ụbọchị 29/04/2021 ka Umoh Uduak kwuru sị na enyi ya nwaanyị bụ Happiness Iniobong Umoren gara nwale ajụjụ ọnụ maka ọrụ kama na ọ nọ na nsogbu. ★Ya bụ okwu bidoro na-ewu na soshal Midia nke eji akara #FindHinyHumoren ekesa. Ndị uweojii pụtara kwuo na ọ nwụọla. ★Ndị uweoji kwuru n'ụbọchị 02/05/2022 na ha eburula ozu Ini gawa ụlọọgwụ Mahadum Uyo maka nyocha. Ha kwukwara na ọ bụ n'ili na emighị emi kaha hụtara ozu ya. ★N'otu ụbọchị 02/05/2022 ka ndị uweojii nwuchiri Uduak Akpan. ★Eliri Umoren n'obodo ya bụ Nung Ita, Ikot Essien nke dị n'okpuruọchịchị Oruk Anam, Akwa Ibom Steeti n'ụbọchị 14/05/2021. ★N'otu ụbọchị 14/05/2021 ka ndị uweojii kpopụtara Uduak Akpan onye kwuru na oji ọrụ were rabata Umoren ma gbuo ya mgbe ha nwere nghọtahe. ★Akpụpụrụ Akpan na nna ya bụ Fran ụlọikpe n'ụbọchị 26/07/2021 ebe o kwuru na ọ bụ ya gburu Umoren kama o kwuru na ọwakp;oghị ya n'ike. ★ Kama n'ụbọchị 05/11/2021, Akpan kwuharịrị ihe o kwuru na mbụ were sị na akagidere ya anya mere o jiri kwuo ihe o kwuru na mbụ. ★Dịka a na-ekpe ya ikpe n'ụbọchị 13/04/2022 ka nna Akpan kwuru na nwa ya nwoke nwere ọrịa ụbụrụ nke a na-akpọ schizophernia. nke a bụ ọrịa ụbụrụ na-eme na mmadụ amaghị nke bụ nke. ★Ụlọikpe elu nke dị n'Uyo n'ụbọchị 21/06/2022 kwuru na ọ bụ n'ụbọchị 04/08/2022 ka a ga-ekpe ikpe ikpeazụ maka ọnwụ Umoren.	https://www.bbc.com/igbo/articles/cd1e0367dx9o
business	‘Mmadụ ise nwụrụ n’ọgbaghara nke ahịa Dei Dei, Abuja’ – Minista na-elekọta Abuja	"Ndị uweojii n'Abuja etinyela ọnụ n'okwu ọgbaghara dapụtara n'ahịa Dei Dei nke Abuja n'ụbọchị Wenezde. Ọnụ na-ekwuru ndị uweojii Naịjịrịa n'Abuja bụ Josephine Adeh kwuru:  ""Ndị uweojii Naịjirịa na-esi imi n'ala ugbua ịma etu ọgbaghara a siri dapụta n'ezie dịka anyị na-enyo ima kpọm kwem ihe ndị a kụkasiri ma mebie n'ebe ahụ"" ""Anyị na-agba mbọ ịhụ na udo anyị weghachịtere n'ebe ahụ nọdosiri ike"" ""Anyị ga-ezịpụta ozi banyere mpụtara nnyocha a n'oge adịghị anya"" Minista na-elekọta Abuja bụ isi obodo Naịjirịa bụ Mohammed Musa Bello ekwuola na ọgbaghara ahụ tara isi mmadụ ise nke gụnyere nwaanyị ahụ a sị na ụgbọala riri elu. O kwuru: ""Ọgbaghara ahụ dapụtara n'ahịa Dei Dei n'ụbọchị Wenezde tara isi mmadụ ise nke gụnyere nwaanyị ahụ ụgbọala riri elu."" ""E nyela m iwu ka agbachie ahịa Dei Dei ugbua ruo mgbe eweghachitere udo n'uju ebe ahụ."" Otu onye agbara ngwa ahịa ha ọkụ gwara BBC Igbo sị: ""Anyị achọghịzị ka ndị Okada na-agba ebe a maka ọgbaghara ha na-ebute"" ""Anyị chọrọ udo, anyị achọghị ọtụtụ"" Nwaanyị ọzọ n'ebe ahụ kwukwara ""Ngwa ahịa  anyị niile gbara ọkụ, anyị gbazị aka, enweghịzị ebe anyị ga-esi nweta ihe oriri"" ""Biko bịanụ gbatara anyị ọsọ enyemaka"" Ka ọ dị ugbua, ndị ọrụ gbata gbata na-emenyụ ọkụ ka nọ n'ahịa a emenyụ ya bụ ọkụ ma ekpọpụta ure ure so ọgbụgba ọkụ ahụ. Cheta n'akụkọ pụtara n'ụbọchị Wenezde n'ọgbaghara dara n'ahịa Dei Dei nke Abuja bụ ebe a na-ere osisi na ngwa ahịa ndị ọzọ eji arụ ụlọ. E kwuru na ọgbaghara so ọnwụ otu nwaanyị dapụrụ n'ọgba tum tum maka etu onye ọkwọ ya bụ ụgbọ siri nyagharịe nke mere ụgbọala ọzọ jiri rie ya bụ nwaanyị elu. E kwuru na ndị nọ ebe ahụ ji iwe gbaa ya bụ ọgba tum tum ọkụ nke mere ọkwọ ọgba tum tum ahụ jiri kpọọ ndị ọzọỌgbaghara dapụtara n'ahịa Dei Dei nke Abuja akpatala nkụsa nakwa ọgbụgba ọkụ ọdụahịa nakwa ngwaahịa ndị mmadụ n'ahịa ahụ. Dịka ndị nọ ebe ahụ na-achọghị ka akpọọ aha ha siri kwuo, ha kọwara BBC Igbo na ya bụ ihe malitere mgbe agbara ọgba tum tum otu onye Okada ọkụ n'ihi nyagherị ọ nyara mere nwaanyị o bu n'azụ jiri dapụ. E kwuru na ụgbọala gwongworo na-agafe ebe ahụ riri nwaanyị ahụ elu nke mere o jiri nwụọ. Ka e si kwuo, ndị nọ ebe ahụ ji iwe gbaa Okada ahụ ọkụ nke mere ya bụ onye Okada jiri gbapụ ma gaa kpọkọta ọtụtụ ndị otu ya. E kwuru na igwe mmadụ ndị Okada ahụ bịara ịbọ ọbọ n'ihe a ji osisi nakwa ngwa ọgụ ha pụta ma kụsasiwa ụgbọala na ngwa ahịa ndị nọ ebe ahụ. Otu onye agbara ngwa ahịa ọkụ kwuru: ""Ha pụtara ma malite imaja ndị nọ ebe ahụ"" ""Igwe mmadụ ndị Okada ahụ gbara ngwaahịa m niile ọkụ"" Ka o dị ugbua, a na-eche na ọgbaghara dapụtara n'etiti ndị Igbo na ndị awụsa bi ebe ahụ. Ọtụtụ ihe onyonyo nke BBC Igbo natara gosiri ebe ndị ntorobịa na-ebe akwa dịka ndị bu osisi na-agba ụlọ ahịa ha ọkụ. Olu onye na-ese ihe onyonyo ahụ kwuru n'asụsụ Igbo 'Lee ndị a na-agba ọdụahịa ndị mmadụ ọkụ, chai, ego ndị mmadụ alaala ebe a'."	https://www.bbc.com/igbo/afirika-61472197
sports	Tottenham vs Man United: Ha abụọ eshitela otu pọịntị n'ajọ ọnwụ	"Ndị Tottenham ji otu ọkpụ goolu sị ndị Manchester United ""nnọọ"" dịka ha nabatara ha n'azụ ụlọ ha, mana Man Utd mechara zọta isi onwe ha. Goolu ndị Tottenham si n'aka Steven Bergwijn na nkeji 27 e ji malite ya bụ egwuregwu, gosiri Man Utd na Jose Mourinho bụbu onye nchịkọta ha anabataghị ha n'ụlọ ọhụrụ ya ka ọ gbaa ha nkiri. N'agbanyeghị na ọ bụ a gbatu gbatu a ṅụọ mmiri, otu abụọ a nwara ike ha ịma ndị ga-azọta pọịntị mgbe a ga-egbuchi bọọlụ. Na nkeji 81, Bruno Fernandes ji penariti nyere Man Utd goolu dịka Eric Dier kwaturu Paul Pogba, mere ka ọ bụrụ onye lawa onye lawa. Mwebata e webatara Pogba gbanwere egwu ndị Man Utd, mee ka ha kpawakwa ike. Na nkeji 78, e webatara Odion Ighalo bụ nwaafọ Naijiria na-eme ndị mmadụ obiọma nso nso a, mana ọ gbaghị aka ahịa ruo mgbe e gbuchiri bọọlụ. Na nkeji 90 na ụma, ndị Man Utd tikwara mkpu ka e nye ha penariti oge ọ bịara dị ka Dier ọ gbaturu Bruno, mana ihe nkiri enyemaka Video Assistant Referee (VAR) nyochara ya sị na otu abụghị n'ezi. Cheta na mgbe otu abụọ a zutere tupu ọrịa Coronavirus achụkpuo onye ọbụla n'ime ụlọ, Man Utd ji ọkpụ goolu abụọ a satara otu merie Tottenham n'Old Trafford. Akụkọ ga-amasị gị:"	https://www.bbc.com/igbo/53117205
entertainment	Nne ọmụgwọ, Ezenwaanyị, Agadi nwaanyị na aha ndị ọzọ a na-etu ụmụnwaanyị Igbo	"Ịmụta nwa nwaanyị n'ala Igbo bụ ihe oke aṅụrị maka na a na-ahụta nwaanyị dịka akụ. Nwata nwaanyị a mụrụ ọhụrụ ga-agafe ogogo dị iche iche dịka ọ na-eto tupu o ruo na nka. E nwere aha ndị Igbo na-agbakwunyere ogogo ọbụla ụmụnwaanyị ndị a ruru, nke na-egosipụta afọ ole nwaanyị gbara nakwa ọnọdụ ha nọ. Aha ndị a na-amalite site na mgbe a mụrụ nwaanyị ọhụrụ ruo mgbe ọ kara nka bụrụ agadi, nke gụnyere; Ndị ọkachamara n'omenala Igbo gụnyere Durueke Nwangene na Ihunanya Anusiem tinyere ọnụ na nkọwapụta ọnọdụ ndị a. Nwa nwaanyị Nke a bụ aha a na-akpọ nwaanyị site na mgbe a mụrụ ya ọhụrụ ruo mgbe ọ gbara ihe dịka otu afọ. Ọ bụrụ na o ruo afọ abụọ gawa afọ ,a kpọọ ya 'nwata nwaanyị na-etolite etolite'. O nwereike ọ bụrụ na ọ bụ nwaanyị e bu ụzọ mụọ, a ga-akpọ ya 'Nwada nwaanyị'. Obere agbọghọ A na-akpọ nwaanyị 'obere agbọghọ' ma ọ bụrụ na o tolite site n'afọ itoolu ruo afọ iri na itoolu. Mgbe ahụ e nweela mgbanwe n'ahụ ya nke gụnyere; ịkpụ ara, ịgba ajị abụ na nke ngada, ịhụ nsọ ya nakwa mgbanwe ndị ọzọ. Site n'afọ iri na asatọ gawa ruo afọ iri abụọ na otu, e nwereike ịkpọ ya 'Agbọghọ nwaanyị'. Nwaagbọghọ tozuruoke: Ogogo a bụ mgbe nwaanyị tozuru etozu ịlụ di dịka mkpụrụosisi chara acha na-eche ọghụghọ, Nke a bụ mgbe ọ gbara ihe dịka afọ iri abụọ na otu ruo afọ iri atọ. Ọ nọ na di: Nke a bụ aha a na-enye nwaanyị ma ọ bụrụ na ọ lụọ di. Mgbe ọ lụrụ di ọhụrụ, ndị mpaghara Bende n'Abia Steeti na-akpọ ya 'mgbirichi'. Dịka nwaanyị lụchara di, aha ndị ọzọ a na-etu ya gụnyere Ori aku, Odozi akụ, Oso di eme, Oso di akpa akụ dgz. Di ya maọbụ nwoke nwereike kpọọ ya 'nwunye m', mgbe ahụ ọ ga na-eme ihe a tụrụ anya n'aka ya dịka ị na-achịkọta ezinaụlọ. Nne nwa maọbụ nne ọmụgwọ: Ọ bụ aha a na-etu nwaanyị lụrụla di ma mụọ nwa maọbụ ụmụ. Mgbe ọ mụrụ nwaanyị ọhụrụ ka a na-akpọ ya 'nne ọmụgwọ' mana ọ bụrụ na ụmụ ya tolite a ga-akpọ nwaanyị ji nwa maọbụ ji ụmụ. Mgbe ahụ nwaanyị a nwereike nọrọ n'ihe dịka afọ iri abụọ na otu gbagoo elu. Ọ bụrụ na nwaanyị lụọ di na-amụtaghị nwa, a na-akpọ ya 'Nwaanyị Aga' mana ọ bụ ọnọdụ mwute. Ụfọdụ nwaanyị dị etu a na-anọ n'ihe iru uju, n'ihi na ụfọdụ ndị na-ahụta ya dịka osisi na-amịghị mkpụrụ na-eche ụbọchị a ga-egbutu ya. Ugoeze na lọlọ: Dịka nwaanyị lụrụ dị ma mụọ ụmụ, na-azụ ụmụ ya ka ha na-eto n'otu aka ahụ ọ ga na-etokwa. Ọ ga na-eto ruo ogogo e nwereike chie di ya echichi dịka Eze, Nze, Ọzọ maọbụ Ichie. A na-eso na-echi nwaanyị dị etu a echichi dịka 'Ugoeze, Lọlọ. A na-akwanyere ha ugwu ebe ọ pụrụiche karịa ụmụnwaanyị ndị ọzọ. Ezenwaanyị, Dibia na Nnekwu nwaanyị: Nke a bụ aha a na-etu ụmụnwaanyị maka echichi e chiri ha nke mere ha ji pụọ iche na ndị ọzọ. Ezenwaanyị bụ aha a na-etu nwaanyị na-eme ihe mmiri, Dibia a bụrụ nke a na-etu nwaanyị na-eme ihe mmụọ ebe Nnekwu nne nwaanyị bụ echichi e chiri nwaanyị maka ọrụ ọma ọ na-arụ n'obodo. A na-akwenyechara ụmụnwaanyị dị etu a ugwu pụrụiche. Nwaanyị isimkpe (Ajadụ) Nke a bụ aha a na-akpọ nwaanyị lụrụ di ma di ya anwụọ. Ọ ga-eji otu afọ ruo uju ọnwụ di ahụ ebe ọ ga-ewezuga onwe ya iche na-esoghi ndị mmadụ na-eme ihe ha na-eme. Mgbe otu afọ gachara, a ga-eme omenala iji tọpụ ya na mkpe mana ọ ga na-azakwa nwaanyị isi mkpe. Agadi nwaanyị Mgbe nwaanyị tofere ajadu, o nwere ogogo ọ ga-eru mgbe afọ ya na-agbada ala, a kpọọ ya 'Agadi nwaanyị' Ọ bụ nwaanyị nọrọla ndụ hụ ụmụ ụmụ ya, onye a na-akpọtụrụ n'obodo ma ihe sie ike. A na-ahụta agadi nwaanyị dịka nwoke n'agbanyeghi na ọ bụ nwaanyị, a na-akwenyere ha ugwu dị elu n'omenala Igbo. Agadi bụ ogogo ikpeazụ nwaanyị na-eru mgbe ọ katarala ahụ, n'ihe dịka afọ iri asaa na ise gbadawa ala. Na nchịkọta, uru dị n'ịmata ogogo ndụ ụmụnwaanyị bụ maka igosi nsọpụrụ na nkwanye ugwu. Igbo tụrụ ilu sị na ""ugwu bụ nkwanye nkwanye mere nwaanyị ji mụta ibe ya."" Akụkọ ndị ọzọ ga-amasị gị:"	https://www.bbc.com/igbo/afirika-54372953
sports	Enyimba na Abia Warriors: Kedụ ihe na-esere ụmụnne abụọ?	"A na-ahụta otu egwuregwu bọọlụ Enyimba na Abia Warriors dịka ụmụnne n'ihi na ọ bụ otu gọọmentị Abia Steeti na-akwado. Mana mgbe ọbụla ha abụọ zutere n'asọmpi NPFL ọ na-adị ka ebe agụ abụọ na-alụ ọgụ, etu o si dị n'ụbọchị Sọnde. Otu egwu bọọlụ abụọ nọ na-agba bọọlụ n'ọgbọegwuregwu dị n'Umuahia mgbe ndị nkwado ha malitere mawa ibe ha okwute. Nke a butere mmerụ ahụ ọtụtụ ndị mmadụ gụnyere onyeisi ndị Enyimba bụ Felix Anyansi Agwu. Minista egwuregwu bụ Sunday Dare sị na ya na ndị isi na-ahazi bọọlụ na Naịjirịa ga-ezuko maka ọgbaghara dara n'etiti Enyimba na Abia Warriors n'ụbọchị Sọnde. Onye na-ekwuchitere ndị otu Abia Warriors bụ Chigozie Nwosu kọwara etu ha sị huta ihe mere. Nwosu kwuru na ọ bụ ihunanaya ndị nkwado otu abụọ ndị a butere ọgbaaghara ahụ. O kwuru na dịka asọmpị na-ebido, ndị nkwado Enyimbe a na-akpọ 'Colombians' nọrọ n'akụkụ nke ha ebe ndị nke Abia Warriors a na-akpọ ""Ụmụafrịka"" nọkwa na akụkụ nke ha. O kwukwara na ọ bụ mgbe enyere ndị otu Abia Warriors penariti mana onye otu ha bụ Emeka Issac gbafuru ohere ịjị nye goolu. Mgbe ọ gbafuru bọọlụ ahụ, onye otu nkwado nke ndị Enyimba jị ọṅụ were karama plastic na-akụ onye nkwado Abia Warriors n'isi, na-akwa ya emu maka ohere ha gbafuru. Onye nke Abia Warriors si ebe ọnọ gbaga ebe ndị otu ya nọ ha were jụọ ya na onye ahụ na-akụ ya ihe n'isi ọ bụ enyi ya, ọ were sị ha mba. Ndị nke Abia warriors were iwe kụkwara onye 'Colombian' nke mere ka ndị otu ya hụta ihe na-eme wee chee na ọgụ adaala. Nwosu kwụkwara sị "" ọ bụ ndị nke Enyimba bu ụzọ tụo okwute"", nke mere ka ndị nke ụmụafrịka tụghachi kwa ya azụ. Dịka ihea na-eme asọmpị ka na a gakwa na ihu. Nke a mere ka onyeisi ha bụ Emeka Inyama na nke Enyimba Felix Anyansi Agwu bụ bilie ịrịọ ndị otu ha abụọ ka ha dere juu. Nwosu kwuru sị ""Ọ bụ onye otu enyimba chọrọ ịtụ ndị ụmụafrịka okwute na-amaghị ama were tụọ ya onyeisi ndị Enyimba"". Mgbe ha hụrụ na onyeisioche ndị Enyimba emerụọla ahụ, ndị otu Enyimba jiri iwe bata n'ogige asọmpị nke mere ka akwụsị asọmpị ahụ. O kwukwara sị "" ha mebiri otutu ihe, mwakpo kwa ọtụtụ ụgbọala, nara otu nwaanyị ego ya ,ma banye be otu nwaanyị na-ere ihe mebie ihe ma taa anụ ya na-akwụghị ụgwọ. Nwosu kwukwara sị "" anyị nụkwara na mgbe ndị Aba a na-ala, ha zukwara otutu ndị mmadụ ego"". O kwukwara na onyeisioche ha depụtara akwụkwọ were rịọ ka ndị Enyimba gbahara na ejighị ọgbaaghara mara ndị Abia Warriors. Nwosu sị na onyeisioche sị na ọ ga-ahụ ndị nkwado ha bụ ụmụafrịka ka ụ dịri ihea hapụ ime ọzọ ma sịkwa na ha nwere ike iwelite ọnụ ọgụgu ndi nchekwa n'ụbọchi asọmpi ọbụla. Ọnụ na-ekwuchitere ndị otu Enyimba bụ Samuel Zazi Bariza kwuru na ha na-akagbu ọgbaaghara n'ụzo obụla o siri bia na egwu bọọlụ. Bariza sị; ""Anyị agaghị kwa ata onye ọbụla ụta ma ọ bụ si na ọ bụ onye a bidoro ọgba aghara , n'ihi na ihe kacha mkpa bụ ikwusi ọgbaaghara n'asọmpi futubọọlụ"". O kwukwara na ihe gbasara nchekwa ama egwuregwu, "" Ọ bụ otu na-achịkọta bọọlụ bụ FA ka ọ dịrị ihụ na ama egwuregwu nwere ọnụ ọgụgụ ndị nchekwa dịka ọ kwesiri"". Ọ kwuru na ọ bụ ihe ọchi na ndị nwe ama egwuregwu na-ekwu na ọ bụ ndị mbiarambia bidoro ọgba aghara, ma ị sị kwa na ọ bụ onye otu anyị merụrụ onyeisioche anyị ahụ bụ ihe ọchị"" Kama dịka ọ sị kwuo, ""ọ bụghị maka ịta ụta, ọ bụ maka udo ị di na egwuregwu bọolụ"". Ma sịkwa sị;  ""Eee anyị nwere ndị nkwadọ a na-akpọ 'Colomboians'."	https://www.bbc.com/igbo/afirika-51528873
health	Covid-19 in India: Etu nsogbu Covid n'India si emetụta be anyị bi ebe a	Ọrịa coronavirus na-akpa mkpamkpa na mba India ugbua. Otu nwa afọ bi mba ahụ kọwarala BBC Igbo etu ihe si kwụrụ ugbua n'obodo ahụ.	https://www.bbc.com/igbo/afirika-56984463
religion	Mbaka sị na Buhari abụghị nsogbu Naịjirịa	N'ime vidio a, Fada Ejike Mbaka nke Adoration Ministries n'Enugwu steeti sị na ọ na-akwado Onyeisiala Muhammadu Buhari maka o nwere ihe ọ na-arụ n'obodo Naịjirịa. Onyonyo a sonyere akwa arịrị ndị mmadụ na-ebe maka ka ogbugbu na ahụhụ jupụtara n'obodo site ihe ndị mmadụ kpọrọ ndọlazụ Naịjirịa na-agabiga n'okpuruọchịchị Onyeisiala Muhammadu Buhari. Mbaka gara ihu kọwa na Onyeisiala Muhammadu Buhari abụghị nsogbu Naịjirịa nwere. Cheta na na 2015, Fada Mbaka bụ onye ụkọchukwu Katolik pụtara kwadosieike Onyeisiala Muhammadu Buhari bu ọkọlọtọ All Progressives Congress, ma buokwa amụma na onye bubu Onyeisiala bụ Dọkinta Goodluck Ebele Jonathan ga-ada ntuliaka. Amụma ya a wuru ewu mgbe ahụ mere ka ndị mmadụ na-eche na ya bụ onye ụkọchukwu ọ na-akwado mmadụ na ndọrọndọrọ ọchịchị? Gịnị mere okwu ya maka nsogbu Naịjirịa nwere ji we wuo? Fada Ejike Mbaka bụ ụkọchukwu ndị Katọlik bụrụkwa onyeisi ndị Adoration Ministry bụ ụlọekpere nke o hiwere nke sokwa ụlọụka Katolik n'afọ 1998. Ndị nsonso ya na-ekwokarị n'igwe n'igwe n'ụlọụka ya bụ Adoration Ministries dị n'Enugwu steeti. Ha na-ekwokarị ịbịa kpee ekpere kwa izu. Ama ya dịka onye na-etinye okwu n'ihe gbasara ndọrọndọrọ ọchịchị nakwa ọdịmma ndị mmadụ. Ama ya maka amụma ọ na-ebukarị ndọrịtaụka n'etiti ma ndị nkịtị ma ndị ụkọchukwu.	https://www.bbc.com/igbo/afirika-49355342
politics	Orji Uzọr Kalu : Akwụ m chịm onweghi ihe na-eme	Akụkọ dị mkpa Ndị otimkpu aka chịburu Abia Steeti bụ Ọrji Uzor Kalu ekwuola na ahụ dị ya chịmchịm ugbua dịka ọ gwachara ha okwu n'ekwenti n'oge adịghị anya. Cheta na akụkọ kwuru na nwa amadị mere njem na mba Jamini bụ ebe ọ gara ịwa ahụ n'ihi ọrịa a na-akpọghị aha ya. Akụkọ ọzọ na-eru anyị ntị bụ na Sylvester Dede Ojukwu bụ ọkpara dike Biafra bụ Odumegwu Ojukwu anwụọla n'abalị ụnyaahụ. BBC Igbo kpọtụrụ nwanne ya nwoke bụ Emeka Ojukwu, okwughi ma ọ bụ eziokwu ka ọ bụ asị kama o kwuru na ọ chọghị ịgwa ndị ntaakụkọ okwu. Minista na-ahụ maka ọrụ bụ Chris Ngige ekwuola na mkparịta ime udo n'etiti gọọmentị na ndị ọrụ ga aga n'ihu echi agbanyeghi abụbụ ọrụ nke ndị ọrụ na-esi ọnwụ ime. Ngige rọrọ arịrịọ ka ndị niile nke gbasara gbalịa bịa nzukọ ahụ maka i ji gbo nsogbu ọgwụ opekatampe ndị ọrụ. Anya anyị ga-acha ọbara n'ụbọchị Nov 6 - NLC Akwa dara na mba Ijipt dịka ndị mmadụ gbakọtara ili ndị ụka kraịst asa a gbagburu n'ebe ha gara ikpe ekpere na njem ala nsọ ha mere. Ndị agha nnupuisi Islamic State kwuru na aka ha dị n'ọnwụ mmadụ asa ndị a. Manchester United lara na nta dịka ha si na-azụ were ọkpụ goolu abụọ asatara otu merie ndị AFC Bournemouth n'asọmpi Iko Premier. N'aka nke ọzọ, anya niile na-ele ka eke ga-esi anya anwụ n'asọmpi ga-adị n'etiti Arsenal na Liverpool n'abalịa. Leekwa ihe nkiri otu nwoke a sị daa mmiri na Legos Ibe anyịnụ, pati APC akụwala akị oyibo nsugbe site na inye INEC aha Hope uzodimma dịka onye ga-ebutere pati ha ọkọrọtọ na ndọrọndọrọ ọchịchị gọvanọ Imo Steeti 2019. Adams Oshiomhole bụ onyeisi APC kwuputara nke a ụbọchị Fraịde bụ ebe ọ nọ kwuo na ihe ya mere bụ ihe ụlọikpe ukwu kwuru. Mana akụkọ a na-anụzi ugbua bụ na ụlọikpe ukwu dị n'Abuja egbochiela Oshiomole na kọmitee ọrụ nke APC i ziga aha ọbụla na-abụghị aha Uche Nwosu nye ndị INEC. Ụlọikpe gakwara n'ihu nye ndị INEC iwu ka ha ghara ịna-abata aha ọbụla na abụghị aha Uche Nwosu dịka onye ga-azọ ọkwa gọvanọ n'Imo Steeti. Anyị agaghị ekwe o, Anyị agaghị ekwe! Ndị ụka Anglikan bụrụ ngagharị iwe ụbọchị frịade bụgara gọvanọ Anambra steeti bụ willie Obiano na ebo ya ebubo na ọ were ụlọakwụkwọ ha bụ Bishop Crowther Primary School nyefee ndị katọlik na'aka. N'ofesi onyeisiala mba Turkey bụ Recep Erdogan akachiela obi tụọ mba Saudi Arabia aka dị ka ndị gburu Jamal Khashoggi bụ onye nwuru na Turkey. Chioma:Nchọpụta ndị Turkey mere na-egosi na atọgbụrụ ya bụ nwaamadị bụ onye nọ na ọsọ ndụ ka ọ gara iwete akwụkwọ ikike maka agbam akwụkwụ nwunye ya n'obi nnọchite anya mba ha na Turkey. N'ofesi, onyeisiala mba Turkey bụ Recep Erdogan akachiela obi tụọ mba Saudi Arabia aka dị ka ndị gburu Jamal Khashoggi bụ onye nwuru na Turkey. Nchọpụta ndị Turkey mere na-egosi na atọgbụrụ ya bụ nwaamadị bụ onye nọ na ọsọ ndụ ka ọ gara iwete akwụkwọ ikike maka agbam akwụkwụọ nwunye ya n'obi nnọchite anya mba ha na Turkey. N'egwuregwu N'egwuruegwu, kepukepu na-eru anyị ntị na-akọ na ndị otu egwu bọọlụ nwere agba na Europe na-agba izu ka ha ga-esi mailte asọmpị ọzọ akpọrọ Super League n'afọ 2021. Ka ọ dị ugbua onwebeghị ọnye kwere iti aka n'ala na nke a bụ eziokwu bụ ama a akwụkwọ akụkọ Der Speigel gbara. Akụkọ ndị a ga-amasị ịgụ tata	https://www.bbc.com/igbo/afirika-46082476
business	Enugu Airport Closure: Amapụtala m ijeri naịra 10 maka ịrụzi ọdọụgbọelu Enugwu - Buhari	"Akụkọ dị mkpa Amapụtala ijeri naịra 10 maka ịrụzi ọdọụgbọelu Enugwu - Buhari Onyeisiala Muhammadu ekwuola na ọmapụtala ego dị ijeri naịra iri maka ịrụzi ọdọụgbọelu Akanu Ibiam dị n'Enugwu. O kwuru na o mere nke na-agbanyeghi ụkọ ego dị n'iji arụpụtala ihe dị iche iche chere gọọmentị n'ihu. Onyeisiala Buhari sị na dịka ọ bụ ọrụ dịrị gọọmentị ya ịrụ akụrụngwa dị n'obodo na ọ bụ nke a. O kwuru na minista na-ahụ maka njem ụgbọelu bụ Hadi Sirika ekweela ya ngwa na a ga-arụcha ọdọụgbọelua n'oge na-adịghị anya. Cheta na o ruola ihe dịka izuụka itoolu gọọmentị mechiri ọdọụgbọelu ma kwuo na a chọrọ ịrụzi ya. Onyeisiala Muhammadu Buhari enyela iwu ka ebelata ego ndị ọrụ gọomentị gbalitere n'ọkwa. Site ụgbụa gawa n'ihu, 1) Nanị ụbọchị onye ọrụ a kwesịri i nọ maka nzụklo ọbụla ka gọọmenti ga akwụ ụgwọ ya. 2) Onye ọbụla na-aga nkem ga egosi akwụkwo na-egosi ihe kpatara o ji eme njem. 3) Ọ bụ nanị njem gbasara gọomenti ka a ga agwụ ụgwọ ya. 4) Mmadụ anọ nani ga eso ndị minista eme njem nke ga agunye 'Director', 'Schedule Officer' na onye enyemaka Minista. Ndị minista ka n'ọkwa bụ mmadu atọ. 5) Onyeisiala kwuru na ọ bụ nani ụgboro asatọ ka gọomentị ga-akwụ ụgwọ njem n'afo. kama,ndị minista, 'Permanent Secretary', onyeisioche ndị 'Extra-Minsterial Departments', 'Chief executive officers' na ndị 'Director'. Ndịagha Naịjirịa esila n'ịgba Egwueke banye Atilogwọ Udo Ndịagha Naịjirịa sị na emume 'EGWUEKE' ha na-eme n'ọwụwanywnụ Naịjirịa ga na-aza zi 'ATỊLỌGWEỤ UDO'. Ozi a dị n'akwụkwọ ozi si n'akara Twitter ha bụ nke onye nghazi mgbasaozi ha bụ Aminu Iliyasu tinyere aka na ya. Emume a dịka ha si kwuo bụ nke ha na-eji azụ ndịagha n'ụzọ dị iche iche malitere n'afọ 2016. Ndịagha sị ha na-ejikwa emume a ememina mpụ ndị dịka ohi, ntọrị mmadụ, agha ndị otu nzuzo, esemokwu dị n'etiti obodo nakwa ndị ọzọ. Ha kwukwara na mgbanwe aha emume apụtaghị na usoro e ji eme ya agbanwela, na usoro niile ha ji eme ya ka kwụ etu ọ dị na mmalite. Cheta na ọ bụ n'oge emume 'EGWUEKE' nke afọ 2017 ka ndịagha wakporo ụlọ onyendu Ipob bụ Nnamdị Kanu dị n'Afara Ukwu Ibeku Umuahia nke Abia Steeti. Boris Johnson sị na Briten na UK enweela nkwekọrịta Otu 'European Union' na mba Briten enweela nkwekọrịta maka etu Briten ga-esi hapu EU dịka Praịm Mịnịsta Briten bụ Boris Johnson sị kwuo. Ha nwere mkparịtaụka a n'Obodo Brussels nke dị na mba Belgium. Johnson kwuru na ""anyị enwetela ezigbo nkwekọrịta ga-enye anyị nnwereonwe"". Ọ teela ndị isi mba abụọ a ji enwe mkparịtaụka maka ọdịmma onwe ha ma ọ bụru na Briten hapụ EU, mana nkwekọrịta a ha nwere ka ga-aga n'ihu ndị omeiwu mba Briten nakwa nke ndị EU iji binye ya aka. Mana ndị otu ndọrọndọrọ ọchịchị a kpọrọ 'Democratic Unionist Party' (DUP) ka na-ekwusi ike na ha akwadoghi nkwekọrịta a. Ndị pati a bụ nke ndị Northern Irish ekwubụọla na ha agaghị atụkwasi obi n'okwu Johnson. Onyeisi ndị anọghị n'ọchịchị bụ Jeremy Corbyn boro aka n'isi tie mkpu sị na mkpebi a Johnson na aṅụrịrị kakwa njọ karịa nke Theresa May nwetere. Corbyn kpọkuru ndị otu ya ka ha ghara ịge Johnson nti n'ihi na okwu ya bụ okwu onye awụrụaka. N'aka ọzọ onyeisi European Commission bụ Jean-Claude Juncker sị na ya bụ mkpebi dị mma n'ụzọ ga-abara mba abụọ ahụ uru. Ị nụrụ na nwunye onyeisiala bụ Aisha Buharị enweela ndị enyemaka mmadụ isii ọhụrụ. A nụrụ na ndị a gụnyere Mairo Almakura, Muhammed Albishir na Wole Aboderin. Ndị ọzọ bụ Aiyu Abdullahi, Zainab Kazeem na Funke Adesiyan. Aisha ji ohere a arịọ mgbaghara maka ya bụ ihe onyonyo pụtara na sochịal midia ebe ọ na-abamba. Akọgbuola onyeisiala Trump n'ọnụ maka mkpọpụ ọ kpọpụrụ ndịagha Amerịka na Syria. Trump n'onwe ya achọkwaranụ ịma, ebe ọ na-ekwu na Amerịka abụghị ndị uweojii mbaụwa. A na-eche na ọ bụ maka ọpụpụ a Amerika pụrụ mere ndị Turkey ji malite ibuso ndị Kurd agha ọzọ. Kedu ka ị sị hụ ọnọdọ Manchester United n'Asọmpi ha na Liverpool na-aga ịgba? Onwebeghi onye ma ebe ha bụ asụrụ asụ dewere ọdụ ebe a sị na Paul Pogba agaghị esokwa gba ya bụ bọọlụ. Anyị nụrụ na Pogba merụrụ ahụ dịka ojisiaghọ mgbo ha bụ de Gea."	https://www.bbc.com/igbo/afirika-50078876
business	Petroleum Industry Bill: Ọ gịnị bụ PIB a onyeisiala Muhammadu Buhari debanyere n'iwu?	"Femi Adesina bụ ọnye ndụmọdụ pụrụiche onyeisiala Naijirịa edepụtala akwụkwọ ozi were sị na onyeisiala Muhammadu Buharị edebanyela iwu Petroleum Industrial Bill n'iwu Naijirịa. O kọwara na ọ bụ dịka Buhari dopuru onwe ya iche dịka iwu covid-19 siri kwuo maka ndị mere njem ka ọ debanyere ya bụ iwu n'akwụkwọ iwu Naijirịa. Adesina kwuru sị, ""Mmemme maka ya bụ iwu ọhụrụ ga-ebido n'ụbọchị wenezde dịka oge ndopu iche ya gwụchara"". Ọ kọwara na ndị omeiwu ukwu wepụtara ya bụ iwu ka atulee n'ụbọchị iri na ise nke ọnwa Julaị 2021, ebe ndị ụlọ omeiwu nta wepụtara ya bụ iwu n'ụbọchị iri na isii nke ọnwa Julaị 2021, nke a mere ka ihe echewere kamgbe  mbido afọ ndị 2000 bịa na mmezu. N'ụbọchị Tọzde, abalị mbụ nke ọnwa Julaị afọ 2020, ụlọomeiwu Naịjirịa - nke ukwu na nke nta - binyere aka n'iwu a kpọrọ 'Petroleum Industry Bill' maọbụ PIB n'ịchafụ. Ọ bụrụ na Onyeisiala Muhammadu Buhari kwadoo iwu a, ọ ga-abụzi iwu ga na-achịkọta mmepụta nakwa ire mmanụ agbịdị na Naịjirịa. Ọtụtụ na-ekwu na nke a bụ otu ọkpụrụkpụ ihe nke ndị omeiwu mepụtarala. Mana ndị ọzọ na-ajụ sị, ""gịnị bụ PIB?"" Mmanụ agbịdị - maọbụ 'crude oil na bekee - bụ otu ngwaahịa kacha enye Naịjirịa ego. Ya mere o ji dị mkpa na a ga-enwe iwu doro anya na-ahụ maka mmepụta ya bụ mmanụ. Ka ọ dị ugbua, iwu na-achịkọta mmepụta na orire mmanụ na Naịjirịa bụ nke a kpọrọ 'Petroleum Act' nke afọ 1969 nakwa 'Petroleum Profit Tax (PPT) Act 1959'. E nwekwara ụmụ kịrịkịrị iwu ndị ọzọ na-ahụ maka ngalaba dị icheiche dị na mmepụta mmanụ. Mana n'ihi mgbanwe nke na-apụta ihe kwa ụbọchị, ọ dị mkpa ka e nwee iwu ọhụrụ zuru oke nke ga-ahụ maka ọdachi niile si na mmepụta mmanụ. Ọdachi ndị a gụnyere: Ọ bụ Olusegun Obasanjo tụpụtara alo iwepụta iwu PIB n'afọ 2000, mana ọ bụ Musa Yar'Adua wegara iwu a n'ụlọomeiwu Naịjirịa n'afọ 2008 Kamgbe ahụ ruo taa, Naịjirịa enweela ndị isi ala anọ, mana iwu PIB enwebeghị isi. Oge Buhari batara n'ọchịchị, o kere PIB ụzọ anọ. Ha bụ: Na 2017, ụlọomeiwu nta binyere aka n'iwu PIGB. Ndị Sineti binyekwara ya aka n'ọnwa Jenụwarị 2018. Mana Onyeisiala Buhari akwadoghị ya bụ iwu tupu agba nke mbụ ọchịchị ya abịa n'isi njedebe na 2019. N'ọnwa Sepụtemba 2020, Buhari wegara iwu PIB ọhụrụ n'ụlọomeiwu ka ha lebaa ya anya. Ọ bụ iwu nke a ka ndị omeiwu kwadoro n'ụbọchị Tọzde."	https://www.bbc.com/igbo/afirika-57693004
sports	Man United vs Arsenal: Arsenal ekweghi Man United ṅụrụ mmiri tọgbọ iko	O nweghi onye tụrụ azụ ibe ya n'ala n'etiti Manchester United na Arsenal dịka ha zutere n'asọmpi Premier League. Asọmpi a dị n'etiti otu egwuregwu abụọ ndị a bụ ọgụ dimkpa abụọ maara onwe ha nke ọma. Nke a mere o ji raa ha ahụ inye ibe ha goolu rue na ngwụcha ọkara nke mbụ. Na nkeji 45, Man United bu ụzọ tụọ Arsenal azụ n'ala site na goolu Scott McTominay nyere. Dịka ọkara nke abụọ malitere na nkeji 58, Arsenal siri ọnwụ ma megwara Man United mgbe Pierre-Emerick Aubameyang nyere goolu. Dike abụọ ndị a sisara onwe ha ọnwụ niile ha nwereike mana o nweghi onye nyere ibe ya goolu ọzọ. Mpụtara asọmpi mere ka Man United nọrọ na ndị iri ebe Arsenal bụ ndị anọ n'ogogo tebụlụ Premier league. Akụkọ ndị ga-amasị gị:	https://www.bbc.com/igbo/egwuregwu-49883579
health	Intersex: Ihe ndị nwere ọtụ na amụ na-agabiga	"Mgbe ọbụla ị nụrụ na mmadụ abụghị nwoke ọ bụghị nwaanyị, Kedụ ihe na-agba gị n'uche? Nke a bụ akụkọ banyere ndị Naịjirịa abụọ James Johnson na Mystique Evolving bu ikpu na amụ pụta ụwa. Mmadụ abụọ ndị a kọrọ akụkọ ha nakwa ihe ndị ha na-agabiga na ndụ n'ihi ọnọdụ a. James Johnson bu ọtụ na amụ mgba a mụrụ ya mana nne na nna ya kpebiri na ọ bụ nwaanyị ma gụọ ya aha Iyabo Abade. James amaghị na ọ pụrụiche rue afọ 1997-1998 mgbe a chọrọ ịgba asọmpi Iko mba Afrịka nakwa Iko Mbaụwa nke ụmụnwaanyị. Dịka obere nwa, Iyabo malitere ịgba bọọlụ mgbe ọ dị afọ iri. Ọ dị afọ iri na itoolu mgbe ọ chọpụtara oke ndịiche dị n'etiti ya na ụmụnwaanyị ndị ọzọ. James sị na o chere na ""ọ bụghị mmadụ"" maka na o nwere ọtụ na amụ. Site na nyocha ndị o mere, ọ chọpụtara na ọ bụ nwoke pasentị iri asaa (70%) na nwaanyị pasenti iri atọ (30%). Nke mere o ji họrọ ịbụ nwoke. Site na mgbe a mụrụ Mystique o nwere amụ gosiri na ọ bụ nwoke. Mana dịka ọ na-etolite, olu ya agbanweghi ka nke nwoke, anụ ahụ ya dị nro ka nke nwaanyị. Ụdị dịka nke nwaanyị. N'ụlọakwụkwọ Sekọndịrị, ezinaụlọ ya na-ebo ya ebubo na ọ bụ onye na-enwe ""mmeko nwoke na nwoke"". N'agbanyeghi nke a Mystique sị ""Amara m na ọ bụghị onye mbụ."" Dịka ọ na-eto, ọ malitere ịkpụ ara dịka nwaanyị. Ọ chọpụtara na akụkọ afọ na-ara ya ahụ kwa ọnwa ọbụla. Mgbe ọ gara ụlọọgwụ, nnyocha gosiri na o nwere akpụ (ovary) abụọ n'ime ahụ ya mana o nweghi akpa nwa. Dọkịnta gwara ya na afọ ahụ na-ara ya ahụ kwa ọnwa bụ oge nsọ nwaanyị nke na ọ na-aghị ahụ. Mystique sị na ezinaụlọ ya niile gbahapụrụ ya n'ime afọ iri ewepụ otu nwanne ya nwoke. Ihe ndị a na-agabiga Oke nsogbu ndị nwere ọtụ na amụ na-enwe na Naịjirịa bụ ịkpaoke site n'aka ezinaụlọ ha nakwa ndị obodo. Ọtụtụ ndụ Naịjirịa amaghị ụdị ihe a, ụfọdụ na-ahụta ha dịka amoosu chọrọ nnapụta maọbụ nke e kwesịrị ịtụgbu n'okwute. Ndị ọzọ na-ahụta ha dịka ndị a bụrụ ọnụ. Nke a mere ọtụtụ n'ime ha ji ezo ezo n'ihi ụjọ amaghị etu ndị obodo ga-esi akpasa ha agwa. ""N'oge ikpeazụ m hụrụ ndị ezinaụlọ m, ha kara egbu m.""| Ha kụrụ m ihe, kpụọ m isi, gbatuo m n'ala,"" Ihe o kwuru. A bịa na nke James, ezinaụlọ ya hụrụ ya kwadoro. Mana ịkpaoke ọ hụrụ n'egwuregwu bọọlụ mgbe ọ ghọrọ nwoke mere o ji kwụsị ịgba bọọlụ na Naịjirịa. Ihe bụ 'ịntersex'? 'Intersex' bụ onye nwere ọtụ nwaanyị na amụ nwoke pụta ụwa mgbe a mụrụ ya. Ọtụtụ n'ime ha na-enwe mgbagwoju anya ma ha ọ bụ nwoke ka ọ bụ nwaanyị. Ọ na-ara ahụ ịkwọwa ma ụdị a dịka nwoke ma ọ bụ nwaanyị maka ha abụghị otu n'ime ndị a. Ndị a bu ọtụ na amụ nọ na Naịjirịa dịka ha nọ na mba ndị ọzọ dị n'ụwa. Mana mba ndị mara na ha dị ma nabata ha na-akpọ ha 'non-binary'. Nke pụtara na ha abụghị nwoke maọbụ nwaanyị. Ndị ọkacha sị na otu n'ime mmadụ puku abụọ na-alọta ụwa bụ onye nwere ọtụ na amụ (Intersex). Mana ọ rara ahụ ị mata ole ha dị na Naịjirịa dịka ọtụtụ n'ime ha na-ezo onwe ha ezo."	https://www.bbc.com/igbo/afirika-49897709
health	Madagascar Coronavirus: Gịnị dị n'ime ọgwụ ọhụrụ a azụtara na Madagascar?	"Dịka gọọmentị Naịjirịa nyere iwu ka a tụbata mgbọrọgwụ nke e mepụtara na mba Madagascar iji gwọọ ọrịa coronavirus, ọ bụrụla akụkọ na-ewu ewu ebe niile. Ụfọdụ mmadụ dịka otu onye Dọkịta bụ McGinger Ibeneme kwuru na ọ ga-adị mma itule ya bụ ọgwụ dịka Minista ahụike bụ Osagie Ehanire si kwuo. O kwuru nke a n'ihi na n'ọnụ ya ""Coronavirus anyụọla mbaụwa niile ịkpakwụ"" ya mere a ga-eji chọọ ọgwụgwọ ọsịsọ. Ngalaba ahụịke bụ World Health Organisation (WHO) na-adọkwa aka na ntị ka e mee ọgwụ ahụ nnyocha mara ma ọ ga-adị mma n'ime ahụ mmadụ tupu e nye ya onye bu ọrịa a. Kedụ ka o si atọ? Lee ihe anyị ma:"	https://www.bbc.com/igbo/afirika-52631191
politics	"Elisabeth Ndubuisi Chukwu: ""Gọọmenti South Afirika gbachiri nkiti maka ọnwụ nwanne anyị"""	Ezinụlọ Elizabeth Ndubuisi Chukwu nwuru na mba South Afirika na-akpọkụ gọọmenti etiti ka ha leba anya n'etu nwanne si nwụọ.	https://www.bbc.com/igbo/afirika-48918947
entertainment	Chioma Jazmine Okafor: Etu m si mata di m na Tik Tok, anyị agbaa akwụkwọ n'ime ọnwa abụọ - Ada Mr Ibu	"Ọbịbịa soshal midia emeela ka ụwa niile dịzie ka otu obere obodo, maka na mkparịtaụka mmadụ na ibe ya adịwanyela mfe. Ọ dịzi mfe mmadụ ịnọ na Naịjirịa mete enyi onye mba ofesi ha abụọ esi otu ahụ bụrụ nnu na mmanụ. Otu a ka ihu ọma si kpọọ Chioma Jasmine Okafor, bụ ada John Okafor (Mr Ibu), onye e ji ejije Nollywood mara. N'ọnwa Disemba afọ 2021 ka Jasmine Okafor zutere otu nwaokorobịa aha ya bụ David Mounds n'ọgbakọ soshal midia a kpọrọ Tik Tok, o ruo n'ọnwa Febrụwarị afọ 2022, ha abụọ abụrụ di na nwunye. Ihe tụrụ ọtụtụ mmadụ n'anya banyere akụkọ a bụ na David Moundz bụ nwaafọ mba Amerịka, onye na-akpabeghị ụkwụ mbụ na mpaghara Afrịka. Jasmine na di ya bụ David agbaalarị akwụkwọ n'ụlọikpe, ma na-echezi ka ha gbaa nkwụ ma gbakwaa akwụkwọ nke ụlọụka. Na mkparịtaụka ya na BBC Igbo, Jasmine David Mound gwara BBC Igbo ihe mere o ji lụọ nwoke ọ hụrụ na Tik Tok n'ime ọnwa abụọ. ""Ọtụtụ na-ekwu na ọnwa abụọ ezughị iji mata mmadụ nke ọma tupu e kwuwe okwu ọlụlụ, mana ọ bụghị ogologo oge mmadụ abụọ matara onwe ha bụ isiokwu,"" Jasmine kwuru. ""Ihe mere m ji kweta ịlụ David Moundz bụ maka na ọ hụrụ m n'anya nke ukwuu."" ""Ọ na-enye m oge ya, ma mgbe ọ nọ n'ụlọ, ma mgbe ọ nọ n'ọrụ, oge niile mụ na ya na-akpa n'ekwentị."" ""Ya kpatara m ji sị na nwoke a na-enye m oge ya niile kwesịkwara ka m nye ya oge m."" Jasmine kwuru na nna ya bụ Mr Ibu, na ndị ezinụlọ ya niile nabatara David Moundz dịka di ya. ""Ihe ka ha mkpa bụ ịhụ na m na-enwe obi aṅụrị oge niile. Ebe ha ma na nwoke a na-enye m obi ọma, ha kwadoro mụ na ya."" Chioma kwuru na ya anaghị egosi ihu di ya na soshal midia, maka na ọ chọghị ka ihe niile gbasara ya dịrị n'ọba ịntaneetị. Mana ọtụtụ malitere ikwu na o nwereike ịbụ na nwoke ahụ alụbuola nwaanyị mbụ, nke mere o ji ezo ihu ya ezo. ""Alụghị m di mmadụ, maọbụ enyi nwoke mmadụ,"" Chioma kọwara. ""Di m alụbeghị nwaanyị mbụ na ndụ ya."" ""Kama ọ bụ m kpebiri na achọghị m itinye ihu ya na soshal midia."" ""Mana enyela m BBC Igbo ikike ka ha gosi ihu ya n'onyonyo a."" Oge akụkọ a wuru na soshal midia n'ọnwa Febrụwarị 2022, ọtụtụ kwuru na Jasmine na-alụ nwoke a n'ihi ego ya, maọbụ n'ihi na ọ chọrọ inweta akwụkwọ iji gafee mba Amerịka. Ọtụtụ kwukwara na ọgaghị ete aka mmadụ abụọ a ekewaa. Mana Jasmine kwuru na ịhụnanya ya na di ya siri ike nke ukwuu. ""Onweghị ihe ga-adị ka obi mgbawa na ọlụlụ di na nwunye anyị, naanị obi aṅụrị na ihe ọma ka anyị ga na-enwe,"" ka o kwuru. Ndị mere akụkọ a bụ Nnamdi Agbanelo na Chukwunaeme Obiejesi."	https://www.bbc.com/igbo/afirika-61341021
sports	Burnley vs Man City: Aguero edowela City n'ụzọ irite iko Premier League ọzọ	"Akụkọ dị mkpa taa Manchester City ka nọ n'ụzọ ịtụ ugo n'asọmpị Premier League nke 2019 ka goolu Sergio Aguero nyere ha mmeri na nzute ha na Burnley na ọgbo egwuregwu Turf Moor. Igwe Bekee kpọrọ ""goal-line technology"" bu ihe eji kpebie na nrịba bọọlụ Aguero ziri ezi. Nke a goosiri etu ya bu asọmpi siri gaa - Man City abịaghị ka ndị zuru ka emee. Burnley haziri onwe ha ọfụma nke, mana ọ bụ Man City ka mmeri bara n'aka ka onye na-egbu asọmpi ahụ gbuchiri ya. Man City ga-anabata Burnley na be ha, ma gakwuru Brighton n'izu na-abịa. Ha merie asọmpi abụọ, iko ga-abu nke ha. Ndị agha Naịjirịa ezipula ndị otu ha na Gombe ka ha kwado mmachi amachiri ngagharị na steeti ahụ kemgbe Satọde. Onye nọchite odeakwụkwọ steeti ahụ bụ  James Pisajih sị na nke a bụ ka egbochie ọgbaaghara nwere ike ịsochi ụmụaka ndị Boys Brigade nwụrụ n'izu gara aga. Otu ọmekataraihe pụụjọ bụ IS sị na ha egbuola ndị agha Naịjirịa mmadụ iri na kpụta otu onye ọzọ na ndụ na Borno steeti ụnyahụ. Ndị omekome a kwuru na ha wakporo obi ndị agha Naịjirịa dị na Sabon Gari bụ nke dị na oteaka Maiduguri bụ isiobodo steeti ahụ bụ ebe ha butere ma mebie ọtụtụ ngwaagha. N'ofesi e, ndị uweojii obi dị inu awakpoola ọdọ ndị omekome bụ ndị ha sị na tụrụ ogbunigwe gburu ọtụtụ mmadụ na Sri Lanka tata bụ ụka. Gọọmentị mba ahụ amachiela ya bụ otu akpọrọ Thawheedh Jamaath na be ha."	https://www.bbc.com/igbo/egwuregwu-48084080
politics	Soludo Inauguration: Ebele Obiano arịọla mgbaghara ma kwupụta ebumnobi ya ịzọ ọkwa sịnetọ	"Ebelechukwu Obiano bụ nwunye gọvanọ chiburu Anambra Steeti bụ Willie Obiano arịọla mgbaghara maka esemokwu dapụtara n'etiti ya na Bianca Ojukwu na 17 Maachị, 2022 mgbe a na-edu gọvanọ Chukwuma Soludo n'iyi ọrụ n'Awka. Obiano rịọrọ mgbaghara ahụ mgbe ọ na-ekwupụta ebumnobi ya ịzọ ọkwa Sịnetọ ga-anọchi anya Anambra North n'Ụlọomeiwu Ukwu n'Ọka n'ụbọchị Wenezde. Ọkwa sịnetọ mpaghara Anambra- North ọ na-akwadọ ịzọ dị n'aka onye bụbu minista njem ụgbọelu. bụ Seịnetọ Stella Oduah nke pati PDP ugbua. Otu n'ime ndị enyemaka aka ya bụ Obika Chidiebere gwara BBC Igbo na ọ bụ eziokwu na nne ya ukwu kwupụtara uche n'ịzọ ọkwa ahụ. Ihe Ebele Obiano rịọrọ n'arịrịọ Obiano sị na ọ rịọla gọvanọ Chukwuma Soludo na-achị Anambra ugbua mgbaghara maka esemokwu ahụ mere n'ụbọchị a na-edu ya n'iyi ọrụ. Ọ sị na o mere nke a site n'idegara Soludo akwụkwọ ozi. O kwuru ""Dịka onye udo nke e ji maara m, ọgbaghara abụghị akwa m,"" ""Ekelere m ndị okenye, ndịisi ọchịchị, ndị enyi na ndị Anambra niile ndị kpọrọ m ma gosi nwute ha n'ihe ahụ mere ma nye ma ndụmọdụ."" ""Ndị maara nke ọma ma na kemgbe afọ asatọ m bụ nwunye gọvanọ, na agbasoro m ụzọ udo na inyere ndị mmadụ aka."" ""O nweghi ihe m ga-eji kụnye aka maka mmechu ihu ahụ, na-agbanyeghi ihe ọbụla e mere m."" ""N'otu aka ahụ, ana m arịọ ndị gbapụtara ihe niile, ndị Anambra nakwa ndị Igbo  mgbaghara maka imechu ha ihu n'emume ahụ."" Mgbe Ebele Obiano na-ekwupụta ihe mere o jiri chọrọ ịzọ ọkwa Sịnetọ n'afọ 2023 n'Ọka, ọ sị na ọ bụ uche Chineke na ọ ga-azọ ọkwa ahụ. N'okwu ya ""Ebumnobi m ịzọ ọkwa a si n'ọkpụkpọ oku ndị obodo m kpọrọ m ka m nọchiteanya ha n'Ụlọomeiwu Etiti. ""Ndị Anambara anwaala ma ma chọpụta na e nwere m mmasị n'ijere ndị mmadụ ozi, igosi ịhụnanya nakwa itinye ọchị n'ihu ndị obi na-adịghị m, a maara m na  ọ bụ uche Chineke."" ""Ọ bụ ihe ndị a mere ndị nke m jiri kpebie ma sị ka m bịa jeere ha ozi n'ebe ọ dị ukwuu"". Obiano bụ onye pati APGA bụ pati di ya jiri zọọ ọkwa ma merie dịka gọvanọ Anambara Steetị n'afọ 2014 ruo afọ 2022 ọ rịturu n'ọchịchị. O dobeghi anya ma ọ gbatala akwụkwọ ikike igosi mmasị ya n'ọkwa ahụ nke a kpọrọ 'normination form'."	https://www.bbc.com/igbo/afirika-60948361
politics	PMB in Ondo: Ị hụrụ ihe mere mgbe Onyeisiala Buhari gara n'Ondo steeti?	"Ka e si apịatu ndị mmadụ bịara ikele Onyeisiala Buhari ka ọ gbụsara ụkwụ n'Ondo steeti: Lee ka Bashir Ahmed si gosi ihe onyoonyo a n'akara Twitter ya: Hosni Mubarak aka chịburu Egypt anwụọla n'afọ 91 Onye chiburu Egypt bụ Hosni Mubarak, nke ndị agha mba ahụ chụpoụrụ n'afọ 2011 mgbe ọ nọ n'ọchịchị anwụọla n'ụlọgwụ dị na Cairo. Ọ dị afọ iri itoolu wee nwụọ. Mubarak nọrọ afọ atọ n'ọchịchị tupu e nwee ọgbaghara na mba Ijipt. Ihe ndị ị kwesịrị ịma maka Hosni Mubarak. Ụwa niile gbakọrọ n'ọgbọ egwuregwu 'Staples Center' na mba Amerịka iji ruo ụjụ maka ọnwụ Kobe na Gianna Bryant. Kobe Bryant bụ onye e ji ịkụ bọọlụ nkata mara n'ụwa niile; ya na nwa ya nwaanyị bụ Gianna, nwụrụ n'ihe mberede ụgbọelu helịkọpta na mbido ọnwa Febrụwarị a. N'emume ụlọakwa ahụ, anya mmiri na akwa arịrị jupụtara ebe dum mgbe ndị mmadụ na-akọwa maka ndụ Kobe Bryant na nwa ya. Nwunye Kobe Bryant bụ Vanessa, kwuru na Chineke ma na di ya hụrụ nwa ya nwaanyị n'anya nke ukwu nke mere o ji kpọrọ ha abụọ otu ụbọchị. O kwuru na ya nwere okwukwe na Kobe na Gianna nọ ebe ka mma ugbua. Onye ọzọ kwuru okwu n'emume ahụ bụ Michael Jordan, onye bụ ọkaibe n'egwuregwu bọọlụ nkata tupu ọ laa ezumike. Jordan bere akwa oge ọ na-ekwu okwu n'ihi ịhụnanya o nwere n'ebe Kobe nọ. Ọ kpọrọ Kobe ""nwanne m nwoke nke nta"", ma kwuo na ihe na-adabara ha abụọ nke ọma. Ndị ọzọ a ma ama gara ya bụ emume gụnyere Beyonce, Christina Aguilera, Jennifer Lopez na Alicia Keys. Ndị otu pati PDP agwala ụlọikpe kachasị ka ha lebakwa anya ọzọ n'ikpe gbasara ntuliaka ọkwa onyeisiala Naịjirịa, nakwa nke steeti dị iche bụ nke ụlọikpe ahụ kwuru na APC meriri. Nke a na-abịa dịka ndị APC gwara ụlọikpe kachasị ka ha kpegharịa ikpe gbasara ntuliaka gọvanọ Bayelsa na Zamfara bụ nke ha kpebiri na PDP meriri. O teela ndị otu ndọrọndọrọ ọchịchị abụọ a ji atakọrịta onwe ụkwụ. Onyeisi ndị uweojii bụ Mohammed Adamu enyela iwu ka e nyochaa ihe kpatara ọnwụ otu nwaokorobịa onye ọgba bọọlụ aha ya bụ Tiyamiyu Kazeem, onye a na-ekwu na ọ bụ ndị SARS gburu ya. Kazeem na-agbara otu egwu bọọlụ Remo Stars nke dị n'Osun steeti. Akụkọ kwuru na ndị SARS si n'ụgbọala na-aga aga tụpụ Kazeem. Mana ndị SARS na-agọ agọ na ọbụghị ha gburu ya kama na ọ bụ ụgbọala kuturu ya oge ọ chọrọ isi n'aka ha gbapụ. Coronavirus Otu ahụike mba ụwa bụ WHO agwala mba dị icheiche ka ha kwado nkeọma maka igbochi ọrịa ọjọọ coronavirus dịka ọ na-agbasa n'akụkụ ụwa niile. N'ụbọchị Monde, e nwetara ozi na ọrịa a abaala mba Iraq, Afghanistan, Kuwait, Oman na Bahrain."	https://www.bbc.com/igbo/afirika-51626484
business	Nigeria's debt burden: A naghị ama ihe ndị na-achị achị ji ego ha bitere eme- Chizea	Onye ọkachamara n'okwu akụnaụba bụ Boniface Chizea, kọwara ụzọ ụmụ Naijiria si eketa oke n'ụgwọ Naijiria jiga.	https://www.bbc.com/igbo/afirika-49497174
