health	Koronaavaayiras: Hamilee waliif ta'uu hanga qajeelummaatti, sababiiwwan shan abdii namatti horan	"Guutummaa addunyaatti yeroo lakkoofsi namoota koronaavaayirasiin qabamanii dabalaa jiru kanatti wanta gaariifi namatti tolu dhaga'uun hedduu hin jiru. Sababa dhibee fayyaa amma addunyaa mudate kanaan yaaddoo ji'oota ta'uu baatanillee torbeewwan baayyee turaniif wal'aansoo jabduu keessa jirra. Akkasuma ta'ee garuu ammoo wantoonni akka gammadan nama taasisan hedduutu jiru. Koronaavaayirasiin itti fufee tatamsa'uutti jira. Dhibeen baayyee hamaan mudate kun wanta baayyee gaaridha jedhamu dhalli namaa qabu akka gadi bahee mullatu ammoo taaasiseera. Duula koronaavaayirasii kana dura dhaabbachuu kana keessatti doktoroonni, narsoonniifi hojjetoonni kunuunsa fayyaa biroo fuuldura hiriiranii jiru. Namoota guutummaa addunyaa irratti 720,000 ol ta'an vaayirasii kanaan qabaman keessaa 151,901'tti kan siqan bayyanataniiru akka ragaan Yunivarsiitiin Joons Hopkiinsi walitti qabu agarsiisutti. Namoota bayyanatan kanaaf gar tokkoon kan galateeffamuu qabu hojii gootummaa hojjetoonni kunuunsa fayyaa taasisan kanaati. Gocha of-kennuun kunuunsitoonni fayyaa hojjechaa jiran kanaaf beekamtii kennuufi hamilee ta'uufiif addunyaarratti Xaaliyaan, Ispeen, Firaansiifi Indiyaatti dabalatee biyyoota gara garaa keessatti namoonni dhiyaatanii jajjabeessuufi jajachuutti jiru. Fakkeenyi hamilee hojjetoota kunuunsa fayyaaf kennuu dhiyeenya kanaa kan UK keessatti ta'edha.  Namoonni gara karra Kamisa darbe bakka hojjetoonni fayyaa wallaansa taasisaa jiraniitti dhiyaachuudhaan sagaleefi harka rukutuun jajachaa turan. Hojjetoota kunuunsa fayyaatiif hamilee kennuun jajjabeessuun akkas baratame kun walakkaa baatii Amajjii Chaayinaa magaalaa Wuhaan, bakka koronaavaayirasiin jalqaba itti mul'atetti ture. Kiliippiin viidiyoo miidiyaalee hawaasummaa Chaayinaa keessatti waliif qoqqoodamaa ture akka agarsiisutti jiraattonni sagalee ol-fudhachuun faaruufi sirbaan gamoo bakka jiraatan keessaa halkanillee hojjettoota fayyaatiif hamilee kennaa turan. Akkuma koronaavaayirasiin magaalaa Wuhaan keessaa bahee tatamsa'een shaakalli hojjetoota fayyaa jajachuufi jajjabeeffachuun kunis babal'achaadhuma dhufe. Hamilee hakiimotaaf harka walitti rukkutuun amma waan addunyaa irratti barame ta'eera. Yoo xiqqaate yeroodhaafis ta'u, Chaayinaan muddama koronaavaayirasiin uumame kana waan to'atte fakkaatti. Guyyoota dhiyoo asitti namoonni biyyattii keessatti vaayirasichaan akka haaraatti qabaman baay'ee muraasa. Namoonni haaraan qabaman garri caalan kan biyya alaarraa itti seenanidha. Kana jechuun ammoo mootummaan Chaayinaa dhorkaawwan tatamsa'ina vaayirasichaa dhaabuuf kaa'ee ture laaffisuu jalqabeera jechuudha. Bitootessa 25, Chaayinaatti kutaan bulchiinsa Huubee dhorkaa imalaa namoota naannicha keessaa bahanirraa kaaste. Magaalaan Wuhaan akka hin sochooneef Amajjii keessa jalqabame, gaafa Ebla 8 gadi dhiifama. Akka gaazexeessaan BBC Chaayinaa Stephen McDonell gabaasetti, namoonni magaalaa guddittii Chaayinaa, Beejiing, keessa jiraatan qilleensa qulqulluu hafuura baafachuu danda'aniiru. Kun ammoo haara galfii dabalataadha. Yeroo dhorkaan ka'utti garuu Chaayinaa keessatti weerarri dhibee kanaa marsaan lamaffaa dhufuu mala kan jedhus sodaan ni jira. Ammaaf garuu, Chaayinaan jiruu ummataa bakka sirriitti deebisuudhaaf tarkaanfiiwwan yeroodhaaf jedhame suduudaan fudhachaa deemaa jirti. Jalqaba torban darbee Ejensiin Eegumsa Lammilee Xaaliyaan (Italy's Civil Protection Agency) akka jedhetti biyyattiin dhibee daddarbaa kanarraa ""ifatti sadarkaa tasgabbaa'uu"" keessa jirti. Guyyoota walitti aanan afuriif biyyattii keessatti lakkofsi namoota haaraa qabamanii hir'achaa dhufeera. Roobii darbe,  lakkoofsi namoota haaraa qabamanii 3,612 ture. Kun ammoo kan guyyoota afran isaan dura tureerra xiqqaadha. Jimaata lakkoofsi namoota qabamanii kan Kamisaarra gadi bu'aa ta'us lakkoofsi namoota du'anii garuu kan hanga ammaatti jiru hunda caalee galmaa'ee jira. Guyyoota afuriif hir'achuun isaa yeroo gababaaf ta'ullee, Xaaliyaan biyyoota Awurooppaa kamiyuu caalaa dhibee kanaan hunda caalaa baayyee miidhamte keessatti akka ifa abdiitti ilaalameera. Dhaabbanni Fayyaa Addunyaa (WHO) hir'achaa dhufuu isaa kanas jajjabeessaadha jedheera. Dursaan dhimma fayyaa naannoo Xaaliyaan keessatti akka malee dhibee kanaan miidhamtee Lombaardii ""ifa hallayyaa gamaan mul'atu"" jedhaniiru. 4. Qorannoon saayinsii cimee itti fufeera Namoonni dhukkuba vaayirasii kanaan dhufuuf akka hin saaxilamneef talaallii qopheessuuf addunyaan saayinstistoota irratti hirkatti. Talaaliiwwan baay'een hojjetamuutti jiru. Kana keessaa kan yaaliin isaa dhala namaa irratti gaggeeffame ni jira. Qabatamaatti, ogeessonni akka jedhanitti talaalliin yoo xiqqaate waggaa tokkoo hanga ji'oota 18 keessatti hin qaqqabu. Haata'u malee, fiigicha saayintistoonni argachuudhaaf taasisaa jiraniin, waa'ee vaayirasichaa wanti baay'een qoratamaa jira. Fakkeenyaaf torban darbe keessa, waa'ee jenetik koodii vaayirasichaa ilaalchisee gabaasaaleen abdachiisoo ta'an turan. Vaayirasiiwwanii nama gara garaa ykn lubbu qabeessa vaayirasicha baatu (host) keessatti seelii isaa caasaa haaraan baay'ifachuun beekamu. Haata'u malee, koronaavaayirasiin (SARS-CoV-2) kun garuu akka vaayirasoota warra kaanii adeemsi caasaa haaraa baay'ifachuu isaa xiqqaadha jedhu saayintistoonni. Kun akkuma jedhame taanaan ammoo, talaalliin tokkittiin yeroo dheeraadhaaf dandeettii dhukkuba ittisuu namaaf uumti jechuudha. ""Vaayirasiin qaccee sanyii tasgabbaa'aa ta'e qabu talaallii qopheessuudhaaf oduu gammachuudha,"" jedhan Vaayirooloojistiin vaayirasii irratti qoratan Piroofeesar Istefaanoo Menzoo. Koronaavaayirasiin namoota garaa gara fageessellee, uummattoonni yeroo waliif barbaachisoo ta'an kana keessatti waliif jiraachuu mul'isaa jiru. Guutummaa addunyaa irratti, gochawwan qajeelummaafi wal-bira dhaabbachuu dabaleera. UK keessatti, namoonni kumaatamaan lakkaa'aman fedhii isaaniin Tajaajila Fayyaa Biyyaalessaa (NHS)'tti makamuuf mallatteessan. Kun ammoo hanga mootummaan nan galmeessa jedhee karoorfate dachaa baayyee caalee argameera. Ispeen keessatti, doktorri tokko akka namoonni koronaavaayirasiitiin qabamanii hospitaala galaniif xalayaa jajjabinaa karaa toora interneetaan akka barreessaniif gaafateen deebii hedduun warra fayyina hawanirraa irra galagaleera. Xalayaan hawwii gaarii warra wallaansaaf hospitaala jiraniif kuma hedduun lakkaa'aman ergamuu isaanii El Pais kan gabaase. Akkasumallee wal-quba qabaachuufi namoonni fakkiiwwan sabbata-waaqayyoo foddaafi balbala mana isaaniirra halluu gaariin abdii qaban agarsiisuuf ni kakaawwatu."	https://www.bbc.com/afaanoromoo/oduu-52085173
health	Talaallii Covid-19: Jijjiiramni yeroo marsaa laguu talaallii waliin walqabataa?	Wayita talaalii Covid fudhachuuf beellama qabattan miidhaa talaallichaan walqabatee dhufuu malu(side effects) ilaalchisee akeekkachiisi ni kennama. Fakkeenyaaf ho'a qaamaa, mataa bowwuu fi dadhabbiin irree(buusaawwan harkaa) irratti mul'atan isaan muraasa. Yeroon marsaa laguu dubartii jijjiiramuun garuu as keessatti hin tarroofne. Haata'u malee dubartoonni biyyoota addunyaa garaagaraa keessa jiran, laguun dafee dhufuu, akkaan dhukkubuu fi namatti ulfaachuun miidhaa sababa talaallichaa dhufu ta'ee tarreeffamuutu irra ture jedhaa jiru. Meedikaal Antirooppoolojistii kan taate Dr Keet Kilaansii erga talaallii gosa Moderna fudhattee booda laguun akka kanaan dura ta'ee hin beekneen itti ulfaachuu twitter isheerratti barreessitee turte. Isa booda namooni hedduun muuxannoo walfakkaataa qabaachuu ergaa isheef barreessanirraa akka hubattes himti. Dr Kilaansiin hiriyaashee duraanii Dr Katharine Lee waliin ta'uun, namoota muuxannoo akkanaa qaban sakatta'uun qindeessuu eegalaniiru. Jijjiiramni kun sababa talaallii ta'uun hanga yoonaa hin beekamne-hin qoratamne waan ta'eef. Garuu dubartoonni hedduun erga talaallii fudhatanii booda jijjirama walfakkaataa agarsiisaa jiru, keessattuu erga mudannoo namoota kaanii dhagahanii as mudannoosaanii baasuu eegalan. Landan Impeeriyaal kolleejjii keessatti damee sirna walhormaataa keessa kan hojjetan Dr Viktooriyaa Meel, gamasaaniin dubartoonni hedduun kanneen marsaa laguu isaanii dhaabn wayita talaallii fudhatan dhiiguu eegalu jedhan. Kanaafuu dhiibbaa talaalliichaa ta'uu wantoonni agarsiisan jiru jedhan. Kanneen dhiira ta'anii saalasaanii kan dubartiitti geeddaratan(akka dubartiitti of ilaalan) fi dubartoonni marsan laguu isaanii dhaabbate, erga talaallii fudhatanii booda dhiiguun akka itti hammaate dubbataa jiru. Haalli kun hanga ammaatti saayinsiidhaan mirkanaa'uu baatus, garuu talaalliin kun erga fudhatamee yeroowwan jalqabaa jiran keessatti jijjiiramnii fi dhukkubbii hamaan marsaa laguun walqabatee uumamaa jiraachuun dhugaa jiruudha. Marsaa laguurratti jijjiiramni mul'achuu jechuun talaallichi ulfa garaadhaa baasuu waliin walqabata jechuu miti. Dr Meel akka jedhanitti dubartoonni talaallicha fudhatan carraan daa'imni garaadhaa ba'uu baayyee xiqqaa ta'uu ragaan qaba jedhan. Yuuniversitii Oksifoord irraa kan ta'an Dr Alexandra Alvergne, wanti nuti beeknu,Covid dabalatee dhibeen kamuu rakkoo ulfi garaadhaa ba'uu uumuu danda'u, garuu kan talaallii adda baasnee hin beeknu jedhan. ''Laguu dubartii irratti jijjiiramni mul'achuu fi talaallicha gidduutti hariiroon jiraachuu danda'a, kan ulfa garaa jiru waliinii garuu quba hin qabnu,'' jedhan. Talaalliiwwan Flu fi HPV yeroo gabaaf laguu dubartii irratti dhiibbaa uumuu danda'u, garuu miidhaan yeroo dheeraa jiraachuun adda hin baane. Garuu walhormaata dhala namaarratti miidhaa tokkollee hin qabu, kanaaf ragaatu jira jedhan Dr Meel. Odeeffannoon talaalliin Covid-19 marsaa laguu dubartootaa irratti miidhaa qaba jedhu namoota odeeffannoo sobaa tamsaasaniin miidiyaa hawaasaa walga'ee yaaddoo uumeera. Gareen faallaa talaallii fi tiyooriin shiraan deeman muuxannoo fi mudannoo dubartootaa kanneen akka Dr Kilaansii kaasuun, talaallichi marsaa laguu miidhaa kan jiruu fi dhala namaa walhormaata dhorkuuf kan dhufeedha jechuun baayyee odeessan. Odeeffannoon sobaa kan talaalliin ulfa garaadhaa baasa jedhus tibbana bal'inaan miidiyaa hawaasummaa dhunfatee jira. Odeeffannoon kun saayinsiidhaan waan hin mirkanoofneef, dhugaarraa kan fagaateedha. Garuu miira namooni talaallicha fudhachuuf qaban akkaan miidheera.	https://www.bbc.com/afaanoromoo/oduu-57117098
entertainment	Aartii Oromoo: 'Lubbuun isaa afuri naan jedhu'- Weellisaa Fayyisaa Furii	Sirboota qabiyyee garaagaraa kanneen akka jaalala, warraaqsa fi gorsaa of keessaa qaban, akkasumas ammoo sirboota aadaa sirbuun kan beekamu weellisaa Fayyisaa Furii, waggaa kurna tokkotti siquuf aartiirraa erga fagaatee turee booda tibbana sirba tokkoon as ba'eera. Weellisaa Fayisaa Furii baqannaan biyya Masrii magaalaa Kaayiroo jiraachaa turee gara biyyatti erga deebi'ee booda, sirba mataa dureen isaa''Qondaalaa' jedhu baasee dinqisiifattoota hedduu horateera. Ganna saddeettan darban abdii kutatee aartiirraa erga fagaate booda gara aartiitti deebi'uu dubbata. Weellisaa Fayyisaa Furii seenaa jireenyasaa keessatti muuxannoo fi mudannoosaa nuuf qoodeera. Fayisaan sirboota isaa yeroo jalqabaaf waggaa 13 durhojjeteen dinqisiifattoota hedduu horateera. Kilippii sirboota kannee akka Beenu beenu, Lakkii dhiisi fira kiyya, Yaa intala Booranaa jedhan fa'aan hawaasa biraatti beekamtii argate. ''Muuziqaan sun hojjatamee namni maallaqa baase bita jedhee hin yaadne. Uummata biratti garuu fudhatama argate,''jedha. Weellisaa Fayyisaa Furii albamii lammaffaafi sadaffaa hojjachuuf karoorfatus otoo hin milka'iin hafe. Sana boodas hamilee dhabuun sirba hojjachuu akka addaan kute hima. Akka weellisaa Fayisaa Furii jedhutti, albamni isaa jalqabaa hamma eegamee ol dhageettii guddaa argatullee maallaqi irraa argame garuu kan hamilee nama buusu ture. Fayyisaan waggoota saddeet booda sirbatti deebi'uuf maaltu akka hamilee isaaf ta'e wayita dubbatu,''guddina afaaniifi aartii Oromoof gumaachuuf jechan itti deebi'e,'' jedhe. ''Tattaaffii Oromoon roorroo jalaa bahuuf godhu gargaaruufin itti deebi'e malee fayidaaf miti.'' Waggoota saddeetiif aartiirraa fagaachuutu akka gaabbe kan himu weellisaa Fayyisaa Furii, sirba qeenxee tibbana kilippiidhaan hojjete keessatti qondaala mata duree jedhu maaliif akka filatee fi maal ibsuuf akka itti fayyadame akkanaan ibsa. ''Qondaaala jechuun nama gootummaan diina ajjeesee roorroo biyyarraa cabsu,''jedha Fayisaa. ''Diinni ykn bineensi jajjabaan akka leenca fa'aa naannoo tokko wayita weeraru duulli waamama. Duulli sun Abbaa Duulaa qaba, qondaalli duula sana keessatti nama roorroo biyyarraa ittisuudha,'' jedha. Sirba haaraa baase kana Qindeessaa Muuziqaa Abrahaam Kidaanetu qindeesseef, Vizhiin Intarteeyiment(Vision Entertainment)ammoo viidiyoosaa maallaqaan deeggaruun hojjateera. Walaloo sirba qondaala jedhu kanaa ofumaa barreessuu kan himu Fayisaan, sirboota baasu hundumaa ofisaatiif walaloofi yeedaloo akka baafatu dubbateera. Kana dura hojiif biyyoota Arabaa kanneen akka Qaataar fi UAE deemee akka beeku kan dubbatu Fayisaan, Magaalaa guddoo Masrii Kaayiroo keessammoo baqatummaan jiraateera. Wayita Kaayiroo turetti jiruu hammaattuu dabarse irraa ka'uun walaloo kanaa fi kanneen kana fafakkaatan barreessaa akka ture hima. ''Jiruu biyya namaa, cufa hin gammadanii Dirratti uffatanii, keessatti daaranii,''jedhee ibse Fayyisaan. Keessattuu lammilee Itoophiyaa ta'anii Kaayiroo keessa jiraachuun rakkoo akka ture waan keessa jiratee argerraa waan muraasa nutti himeera Fayyisaan. ''Kaariyoo mandara durii 'Old city' daandiiwwan dhidhiphoo qaban keessan jiraadhe. Karaa dhiphaa sana keessa wayita deeman namoonni killee mataarratti irra deddeebiin caccabsaa turan,'' jechuun aan isas mudate hima. ''Nama biyya biraa waan taaneef qofa gaaf tokko hanqaaquu shan mataarratti nu cabsan.'' Hiriyaasaafi namoota inni beeku biroorratti killeen cabuu dubbata Fayyisaan. Sababii kanaaf manaa bahuun rakkoo akka ture kaase. Lammileen biyyatti muraasni ''Isin warra abbaa Naayil jettanii of waamtan sanii?''jedhanii Afaan Arabaan itti qoosaa gaafataaniillee akka turan kaase. Magaalicha keessa garuu dhalattoonni Itoophiyaa kumatamatti lakka'aman akka jiraatan dubbata. Bara 2013 roorroon gama hedduu itti hammaatee akka biyyaa ba'e kan dubbatu Fayyisaan, ammaan booda garuu erga gara aartiitti deebi'ee hojii hedduu karoorfatee akka jiru hima. Fuulduratti Keeniyaa Taanaa Rivaar dhaqee waa'ee gosa Oromoo Ormaa irratti wallee hojjachuuf karoora akka qabu dubbate. Toora YouTube irratti sirboonni Afaan Oromoo ilaalamuufi namoonni sirboota Afaan Oromoo beeksisan jabaachaa jiraachuun jijjiramni gama guddina aartii Oromoon mul'achaa jiraachuu mul'isa jedhe Fayisaan. Abbootiin qabeenyaa Oromoo aartii Oromoo deeggaruu akka qabanis dhaameera. ''Aartistoonni Oromoo mana lama qabuu. Tokko mana kiraati kaan mana hidhaati''kan jedhu Fayisaan akka aartiin hin kufne dureeyyiin maallaqaan deeggaruu qabu jedhe. Fayisaan jireenya isaa keessatti mudannoowwan lubbusaa baasu danda'an irraa jajjaboo tarreessuun ''rabbi na miliqse, na jaalata'' jedhe. ''Bu'aa bahiin keessa darbe, wantin jireenya koo keessatti arge cimina naaf ta'eera.'' Fayisaan mukarraa kufee miilli cabuu, bishaaniin nyaatamuu, dhukkubsatee sa'aatii 24 keessatti of baruufi balaa konkolaataa lubbuu namootaa galaafateerra hafuu fa'a ;akka mudannoo jajjabootti kaaseera. Kanarraa ka'uun namoonni, ''Fayisaa Furii lubbuun isaa afurii,'' akka jedhaniin hime. Fayisaa Furii Godina Arsii Lixaa Negellee Arsiitti dhalatee guddate. Barnoota sadarkaa 1ffaafi 2ffaa achumatti barate. Kutaa7 fi 8 mana barnotaa lafa dhaqaaf galli sa'aatii lamaa ol deemsisu miilaan marmaaree, roobafi aduu danda'ee, maatiisaa gargaaraa barachaa akka ture dubbata. Fayisaan abbaan isaa ijoollummaan boqochuurraan kan ka'e haadhaafi obbolootaasaa afur gargaaraa barachaa ture. Barnootaan sadarkaa kolleejjii erga qaqqabee booda barnootasaa addaan kute.	https://www.bbc.com/afaanoromoo/oduu-57577507
sports	Kiimiyaa Aliizaadeh: Shamarreen Iraan dorgommii Olompiikii injifatte biyya gadhiifte	"Dubartiin lammii Iraan dorgommii Olompiikiirratti mo'achuun biyyattiif kan jalqabaa taate Kiimiyaa Aliizaadeh biyya ishee gadhiiftee akka deemte himte. Aliizaadeh umuriin ishee ganna 21 yoo taatu, miidiyaa hawaasummaasheerratti ""soba, haqa dhabuufi loogummaa"" biyyashee keessatti adeemaa jiru arguu akka hin barbaanne ta'uu maxxansiteetti. Dubartoota Iraan miiloyoonaan gad qabaman keessaa isheen tokko akka taates dubbatteetti shamarreen kun. Aliidaazeh eessa akka jirtu himuu baattus, gabaasaaleen garuu leenjiidhaaf Neezarlaandis akka turte ibsu. Shamarreen kun bara 2016 dorgommii Olompiikii Riyoorratti teekwaandoodhaan badhaasa naasaa argachuun biyyasheef seenaa hojjatteetti. Ta'us garuu, qondaltonni Ripaabiliikaa Islaamummaa Iraan milkaa'innashee ololaaf itti fayyadamaa turan jette maxxansa miidiyaa hawaasummaasheerratti. Biyyaa bahuushee erga Iraan keessatti sababa haleellaa xiyyaara Yukireen irratti raawwatameen lammiileen mormiif bahanii boodadha. ""Dubartoota Iraan waggootaaf gad qabaman keessaa ani ishee tokkodha,"" jechuun barreessite. ""Uffata isaan akka uffadhu barbaadaniifi waan isaan na ajajan hojjachaan ture. Waan isaan jedhan hunda hojjachaa tureera. Haalli keenya isaaniif homaa jechuu miti, nuti meeshaadha."" Dabalataanis mootummaan biyyattii milkaa'inna ispoortii ishee faayidaa siyaasaaf itti fayyadamaa ture jette. Qondaltonni biyyatti, ""Dubartoonni akkanatti miilasaanii ol kaasuu hin qaban,"" jedhaa yaada kennuuf turan. Aliidaazeh gara Awurroppaas ta'ee carraa biyyoota biroo deemuu akka hin kennamneef haaltee jirti. Lammiileen Iraan hedduun oduu Aliizaadeh biyyaa gadhiiftee deemuushee erga dhagahanii booda naasuudhaan miiraa isaanii ibsataniiru. Hayyuun siyaasaa Iraan Abdulkariim Huseenizaadeh, ""Qondaltoonni gahumsa hin qabne,"" lammiileen Iraan ""biyya gadhiisanii akka bahan"" taasisan jechuun komataniiru. Gaafa Kamisaa miidiyaan 'Isna' jedhamu gabaasa akkas jedhu baase: ""Ispoortii teekwaandoo Iraaniif oduu gaddaati. Kimiyaa Aliizadeeh gara Neezarlaandisitti baqateetti."" Ejensichi Aliizaadeh dorgommii Olomipiikii Tookiyoo bara 2020 irratti akka dorgomtu gabaaseera ta'us garuu alaabaa Iraan qabattee miti jedheera. Iraan gadhiiftee bahuushee ibsuun karoora ishee gara fuulduraa kan hin ibsine ta'us bakkuma jirtu kamittiyyuu ""intala Iraan"" akka taatu himteetti."	https://www.bbc.com/afaanoromoo/oduu-51087611
entertainment	Poolisiin wallola kormaa hindaaqqoo gidduu seene ajjeefame	Filiippins keessatti bakka seeraan alaan hindaaqqoo wal lolsiisan dhaabuuf poolisoonni yeroo seenanitti, kormaan handaaqqoo tokko poolisii ajjeese. Lutenaant Kiristiine Bolok siibiila qaraa qeensa handaaqqoo kanatti lolichaaf jecha itti hidhamee tureen miidhame. Sibiilli kun sarbaa isaa irratti hidda isaa mure. Wal’aansa hatattamaaf gara hospitaalatti ergamuus akka achi ga’een lubbuun isaa darbeera. Yeroo weerara kanaatti handaaqqoo wal lolchiisuun dhorkameera. Weerara kana dura bakkoota eeyyama qabaniif Dilbataa fi guyyaa ayyaanaa irratti korma hanqaddoo wal lolchiisuun akka eeyyamamaa ta’e miidiyaan mootummaa PNA gabaaseera. Hoogganaan poolisii naannichaa Koloneel Arneel Apuud balaan kun ‘milkii hamaa ibsuu hin dandeenyedha,” jechuun AFPtti himaniiru. “Yemmuu natti himame amanuu hin dandeenye. Poolisii ta’ee waggaa 25 hojjedhe keessatti waayilaakoo yeroon sababa handaaqqoon dhabu kun isa jalqabaati.” Hogganaan poolisii kun maatii poolisii lubbuun isaa darbeefis gadda isaa ibsuu PNA gabaaseera. Namooti sadii to’annoo jala oolanii, hanqaddoon lolan torba, sibiilli qaraa lamaa fi maallaqni Filippinsii Peeso 550 poolisiin to’atamuu PNA himeera. Shakkamtoonni biroo sadii ammoo barbaadamaa jiru. Filippiinsi keessatti lukkuulee kormaa wal lolchiisuun haalaan beekamaadha. Namootni hedduu walitti qabamanii kan daawwatan dorgommii lola handaaqqoo kormaa, lamaan keessaa eenyutu mo’a kan jedhu irratti maallaqa qabsiisu.	https://www.bbc.com/afaanoromoo/oduu-54715879
health	Koronaavaayiras: Ruwaandaatti namoonni 17 guyyaa tokkotti Covid-19 irratti argame	Biyya Ruwaandaa gaafa Dilbataa eegalee tatamsa'ina koronaavaayirasii to'achuuf balbala cufatte keessatti lakkoofsi dhukkubsattootaa dachaan dabale. Ministeerri Fayyaa Ruwaandaa akka beeksisetti namoonni 17 biroo irratti dhukkubni addunyaa yaaddesse koronaavaayirasiin irratti argameera.  n Lakkoofsi hammanaa guyyaa tokkotti yeroo galmaa'u biyyattiif kan jalqabaati. Biyyattiitti yeroo ammaa namoomnni 36 qabamuu kan mirkaneessite yoo ta'u kuni biyyoota Afrikaa Bahaa keessaa isa olaanaadha. Kanneen 17 qabaman keessaa tokko qofaadha kan biyya keessatti qabame. Sagal kan ta'an Biyyoota Arabaa Gamtoomanii (UAE) irraa, sadii Keeniyaa, lama Ameerikaa akkasumas tokko Kuwaataar irraa akka ta'e Ministeerri Fayyaa biyyattii himeera. Ruwaandaan gaafa Dilbataa eegalee balbala cufatteetti. Biyyoota Sahaaraa gadii keessaa biyyi jalqabaa kana murteessites Ruwaandaadha. Baha Afrikaa keessatti Keeniyaa, Tanzaaniyaa, Yugaandaafi Itoophiyaan namoonni dhukkuba koronaavaayirasiin qabaman akka jiran mirkaneessaiiru. Hanga yoonaa kan hin gabaasne Burundiifi Sudaan Kibbaa qofaadha.	https://www.bbc.com/afaanoromoo/oduu-52015051
politics	UAE naannichatti akkamiin biyya irree cimsatte taate?	Barrii 2020 Biyyoota Arabaa Gamtoomanii (UAE)'f bara gaarii ture jechuutu danda’ama. Biyya xiqqoo garuu badhaatuufi biyya galoo galaanaa kaayyoo karoora guddaa qabattedha. Bara kanatti ergama qorannoof rokkeetti gara Maarsitti deeggarsa Ameerikaatiin furguggisuu dandeesseetti. Kana malees, waliigaltee nageenyaa seena qabeessa jedhame Israa’el wajjin kan tolfatte bara kana keessa. Biyyattiin weerarri koronaavaayirasii akkan otoo itti hin hammaatiin ga’uumsaan to’achuurraa darbitee dur biyyatti kan bulchaa turte UK’f meeshaalee of - eggannoo xiyyaaraan feetee deeggarteetti. UAE naannichatti humna horattus, dhimmoota tarsiimoo naannicharratti garuu Turkii wajjin morkii jabduu keessa seenteetti. Keessattu biyyoota akka Yaman, Somaaliyaa fi Libiyaatti dhiibbaa uumuuf akka jabduu wal morkachutti ce’aniiru. Biyyattiin bara dhuftu ganna 50ffaa yeroo birmadummaa itti gonfatte wayita ayyaaneeffattu qoodni addunyaarratti qabdu akkamitti ilaalama, eenyutu duuba jira laata? Biyyoota Arabaa keessaa NATO gargaaruuf UAE’n biyya jalqaba waraana bobbaaste ta’uudhaan beekamti. Yeroon isaammoo bara 1999 waraanni daangaa Albaaniyaa- Kosovoo irratti wayita hammaate ture. Bara sanatti Sheek Mohaammad Biin Zaayid, akkaadaamii leenjii loltummaa waraana Biriitish keessatti kan leenji’aniitu waraana biyyatti qooda gaggeessuu duuba ture. Kaampii UAE’n daangaa Albaaniyaa- Kosovootti ijaarte kun birgeeedii loltootaa, imaamota, waldaa baatii diimaa biyyattii, injinaroota telekoomii fa’aa kan of keessaa qabu ture. Xiyyaaroonni biyyattis achii deddeebi’aa turan. Sheek Mohaammad Biin Zeeyid bara sanattuu Faransaayii wajjin michoomuu kaasuun taankiwwan 400 irraa bituuf waliigalaniiru,  Faransayimmoo loltoota UAE Faransaayitti leenjisuun Kosovootti bobbaasuuf waliigaluus dubbatanii turani. UAE’n biyya fiixee biyyoota Balkaanitti argamtu fi magaalaa Abu Daabiirraa 3,200km fagaattutti loltoota erguun fedhiin biyyattin qabdu ulaa galoo galaana Gaalfirra qaxxaamuree fagoo kan imalee ta’uu kan mul’isellee ture. Hogganaan duraanii waraana Ameerikaa Jiim Maatis biyyattii maqaa masoo 'Little Sparta' ykn ‘Ispaartaa xiqqoo’ jedhanii UAE’n waamu ture. Maqaan kun biyya waa’een ishii hedduu hin beekamne garuu jabduu ta’uushii ibsuuf ture. Ilmii mootii UAE Mohaammad Biin Zeeyid yeroo bara waraana Afgaanstaanitti NATO cina hiriiruun Taalibaan qoqqqobuuf yeroo dheeraa hin fudhanne turan. Afgaanistaanitti battala Taalibaan aangoorra buufameetti dirreewwaan lolli itti hammaate Helmaanditti loltoota Biritish cinaa hiriirsuun loltoonni UAE lolatti hirmaataniiru. Ashaaraan UAE  xiqqaa ta’us, hawaasni loltoota  NATO sirriitti hidhatanii naannichatti bobbafaman akka hedduu hin shakkineef, UAE’n tajaajila bishaan dhugaatii maallaqaan deeggaruu fi gama amantiinis hawaasa naannoof deeggarsa kennaa turte. Walwaraansa Yamanitti bara 2015 hammaate keessatti UAE’n xiyyaarota F-16 erguun Sa’ud Arabiyaa cinaa hiriirtee hidhattoota Huuti haleelaa turte. Kana malees, Kibba biyyattiitti loltootas ergitee turte. Waraana Yamanitti waggoota ja’aa lakkoofsisuutti jiru keessatti garuu eenyu akka injifate ifatti hin beekamu, hidhattoonni Huutis magaalaa guddoo biyyattii Sana'aa fi kutaalee biroollee harkatti galfataniiru. Haleellaa misaayilaa tokkichaanuu loltoonni UAE miidhamanii gadda guyyaa sadiitu biyyattii keessatti labsamee ture. Maqaa gaariin biyyattii bade, dhaabbileen mirga namoomaaf falmaniis biyyattin namoota hidhaman koontenaraa keessatti itti cufuun ho’arraa kan ka’e akka du’anillee gabaasaa turaniiru. UAE’n waraana Yaman keessatti hirmaachuu hir’iftus, dhiibbaa Turkiin naannichatti uumtu dura goruuf yaalutti jirti. Turkiin magaalaa guddoo Somaaliyaatti mumul’achutti jabaannaan, UAE’n garuu Somaalilaand akka biyyattirra cittu deeggaruun maadhee waraana Barbaraa (Gulf of Aden)'tti ijaarratte. Liibiyaa keesssattis UAE’n Raashiyaa fi Masrii wajjiin ta’uun jeneraal Kalifaa Hafxaar wayita Baha biyyatti keessatti deeggaran, Lixa biyyatti keessattimmoo Turkii, Quwaataari fi biyyoonni biroon gartuu faallaasaanii deeggaruutti jiru. Hariiroon Turkii fi UAE shaakala waraanaa UAE’n Giriik wajjiin shaakalte booda galaana Meedetiraaniyaanirratti gara waraanatti geeddaramuu mala jedhame yaadamee ture. Otoon hin turiin garuu UAE’n hariiroo michummaa Israa’el wajjin akka deebisuuf jiran dhaga’ame. Biyyoonni lamaanuu kun Iraan akka diinaatti kan lakkaa’an wayita ta’u, Turkii fi Paalisteenonni garuu UAE hawwii Paalisteenoonni biyya walabaa taatee ijaarrachuuf qaban gufachiiste jedhanii balaaleffannaatti deebi’ani. UAE’n biyyoota Arabootaa keessa biyya ergama qorannoo Maarsii irratti taasifamutti hirmaachuun milkoofte taateetti. Deeggarsa Ameerikaatiin xiyyaarri samii UAE odola Jaappaanirraa gara samiitti furguggifamteetti. Xiyyaarittiin kilomeetira miliyoona 495 erga imaltee booda baatii Guraandhala keessa Maarsiirra qubatti jedhameera.	https://www.bbc.com/afaanoromoo/oduu-54267786
entertainment	Indoneezhiyaatti namtichi haadha warraasaa fakkaachuun xiyyaaraan balali'e walakkaatti to'atame	Indooneshiyaatti namtichi ofiisaa akka haadha warraasaa fakkaachuun balaliinsa biyya keessaaf xiyyaara keessa galee ture balaliinsa jidduutti adda baafamun qabame. Dubbiinsaa akkas ture. Namtichi maqaa isaa jalqabaa qofaan DW jedhamuun adda baafame kunis qorannoo Covid-19 deemnaan bu'aansaa pozatiivii ta'e. Kanaan boodas balaliinsa yaadee ture taasisuuf akka dubartiitti haguuggii fuulaa kan 'niqaab' jedhamu kaawwachuun gara xiyyaaraatti qajeele. Paasportii haadha warraasaa fi waraqaa bu'aa qorannoo Covid ishee negaativ [bilisa] ta'e qabatee ture. Erga balaliinsii eegalameen booda osoo uffata isaa idileetti deebii'uu baate namni isa hubate tokkoo hin turre. Garuu erga inni uffata jijjirateen booda hojjattoonni balaliinsichaa gaaffii kaasan. Daandiiwwan qilleensaa hedduunis tibba  Eidh-al- Adha kan Adooleessaa 19 eegaleetti imala dhorkaniiru. Namtichis battaluma xiyyaarri qubateen geeffame yoo qoratamu bu'aansaa pozatiivii ta'ufi to'annaa jala oolfamu poolisiin gaazexessitootaatti hime. Wayita vaayirasichaan qabamuun barameettis mana keessatti adda of baasuun akka turu itti himamee ture. Akkumas yeroon adda of baasuun itti turu xumurameetti himannaan yakkaa irratti akka banamu poolisiin hime. Biyya Kibba Baha Eeshiyaa taatee Indooneeshiyaatti guyyaan namoonni 50,000 vaayirasichaan qabaman galmaa'eera. Torbanoota muraasa keessattis, hospitaaloonni dhukkubsatootaan kan guutame yoo ta'u, oksijiinii dabalatee hanqinni meeshaalees mudataa jira. Namoonni miiliyoona sadii ta'an vaayirasichaan qabamuun kanneen kuma 72 ta'an ammoo du'aniiru. Duulli talaallii harkifataa fi tatamsa'inni vaayirasii gosa Deltaa jedhamuu babalachuun,  vaayirasichi tibbana biyyattii keessa baayyee faca'usaatiif akka sababaatti kaafamaa jira.	https://www.bbc.com/afaanoromoo/oduu-57948898
politics	Sudaan loltoonni Raashiyaa 'qacaramanii lolan' biyyashee keessa jiraachuu haalte	"Sudaan gareen loltoota Raashiyaa- Wagner Group jedhamuun beekaman maallaqaan qacaramanii lolan biyyashee keessa socho'aa jiru himannaa jedhu haalte. Sudaan ejjennooshee kan ibsite, erga Biritish, Ameerikaa fi Norway miseensonni garee kanaa Sudaan keessa maadheffachuun, miidiyaa hawaasarratti odeessa sobaa facaasuu akkasumas seeraan ala albuuda baasuu isaaniirratti irratti ibsa baasaniiti. Ministeerri Dhimma Alaa Sudaan ,''mootummaan Sudaan gabaasa biyyoonni sadeen kunneen baasan ni morma,'' jechuun ibse. Qondaaltonni Sudaan dippiloomaatonni biyyoota Lixaa Sudaan tuttuqanii dhimma waraana Raashiyaa fi Yuukireen keessa galchuuf jechuun himatan. Bulchaa Itti aanaan Sudaan Jeneraal Mohamed Hamdan ""Hemeti"" Dagalo dhiyeenya kana Moskoo daawwatanii turan. Loltoonni dhuunfaa Raashiyaa garee Wagner jedhamurraa ta'an Rippaabilika Afrikaa Giddugaleessaatti dhiittaa mirga namoomaa raawwachuun himatamu. Gareen kun Maalii keessas bobba'ee jira jedhu biyyoonni lixaa. Gareen Wagner kun biyyoota hedduu, keessattuu kanneen humna hin qabne, keessa lo'ee seenuun dantaasaa bakkaan ga'ata jedhamuun kan komatamu yoo ta'u, loltoota dhuunfaa Pireezidant Vilaadmiir Putiinis jedhama. Gareen kun hidhattoota kumaan lakkaa'aman Liibyaa keessaa qaba, ergamtoonni isaa Jeneraala mootummaa Liibyaa deeggarsa UN qabuun mormu, Kaliifaa Haftaar, tumsu. Humni waraanaa Sudaan bara bulchiinsa Pireezidant Omar al-Bashir Raashiyaa waliin hariiroo cimaa qaba ture. Erga bulchaan kun bara 2019 mormii uummataan aangoorraa buufamee garuu hagas mara miti. Al-Bashir bara 2017 keessa wayita Hoteela Black Sea jedhamu kan magaalaa Sochi keessatti argamutti Pireezidant Vilaadmiir Putiin arganii turanitti ''Moskoo aggaamii hamaa US irraa eeguuf'' tattaaffii guddaa akka barbaachisu akeekanii turan."	https://www.bbc.com/afaanoromoo/oduu-60844481
sports	Euro 2020: Taphattoonni kubbaa miilaa akka loltuutti nagaa gaafachuun mormii kaase	"Abbaan Taayitaa Kubbaa Miilaa Awurooppaa olaantummaan to'atu (UEFA) akka loltuutti nagaa kennuu gareen Kubbaa Miilaa Turkii agarsiisan irratti qorannoon gaggeessa jedhe. Gareen Kubbaa Miilaa Turkii kun mallattoo nagaa loltuu kana kan agarsiisan tapha calallii EURO 2020tiif yeroo taphataan gartuu Eevartan, Senk Tosun, Albaaniyaarratti goolii galche ture. Tapha Istaambulitti Jimaata darbe taphatame kanaan Turkiin 1-0 kan mo'atteetti. Yeroo taphni kun gaggeeffamaa jiru kanattis loltoonni Turkii loltoota warra Kurdii Kaaba Sooriyaa jiran waliin wal waraanuu jalqabanidha. Tosun suura nagaa loltummaa kana Instagram irratti kan maxxanse yommuu ta'u ergaa: ""Biyya keenyaaf, keessumaa warra biyya keenyaaf lubbuu isaanii hin mararamneef"" kan jedhu waliin ture.."" UEFAn mallattoo ergaa siyaasaa qabu agarsiisuu hin hayyamu. Tapha Albaaniyaa mo'ate kanaan Turkiin garee EURO 2020 tiif calalamaa jiran keessaa tokkoffaarra jira. Roobii darbe Turkiin naannoo to'annaa Humnoota Dimokiraatawaa Siiriyaa (SDF) warra Kurdiin durfamuun to'atamurratti haleellaa banteetti. Haleellaa kanaanis gama lamaanuurraa namoonna nagaafi loltoonni ajjeefamaniiru. Instagram irratti Federeeshiniin Kubbaa Miillaa Turkiillee suura kutaa leenjii isaanii keessatti taphattootaafi leenjifamtoota waliin yeroo mallattoo nagaa loltummaa kana agarsiisan maxxanseera. Suurri kunis erga akkas jedhu waliin maxxanfame: ""Galmi imala kanaa shaampiyoonaa ta'uudha! Taphoota torbaan booda EURO 2020 tiif darbuudhaaf garee H keessaa dursuun itti fuufneerra. Nuti injifannoo kana gootota loltoota keenyaaf taasifna."" Dubbi Himaan UEFA Filiip Taawonsend akka Burqaa Oduu Xaaliyaanitti himetti, mallattoon nagaa Turkii kun ""sodaachisuu fakkaata,"" jedhe. ""Waantan isiniif mirkaneessuu barbaadu, haala kana ni qoranna. Mee haa qulqulleeffadhu,"" jedhe. Danbiiwwan UEFA, ""mallattoowwan, jechoota, wantotaa ykn malawwan biroo ergaa sodaachisuu dabarsan taateewwan ispoortii irratti hin hayyamaman. Keessumaa ammoo ergaawwan sossodaachisuu kan akka dhimma siyaasaa, falaasamaa, amantaa ykn kan arrabsoo ta'an dhorkamoodha."""	https://www.bbc.com/afaanoromoo/oduu-50043299
politics	Yaaddoo hidhamuu fi lolaan liqimfamuu: Rakkoo dachaa lammiilee Itoophiyaa Sudaan jiraatanii	"Carraa hojii argachuufi baqattummaan Sudaan keessa kan jiraatan dhalattootni Itoophiyaa poolisiin Sudaan isaan hidhuun gadhiisuuf maallaqa biyyichaa 200,000- 300,000 akka isaan gaafatu himan. Habiib Kadir godina Jimmaa Aanaa Maannaatti dhalate. Erga gara Sudaan deemee gara waggoota sagalii guutaa jira. ‘’Lafa hojii keenyaa dhufanii nu qabu. Yoo birrii qabaatte kennitee baata. Isayyuu mana hidhaatii si baasanii gara Matamaatti fidanii si gatu,’’ jedha. Habiib hidhaa kana baqachuun amma bakka Shimaaliyaa jedhamtu dhokatee akka jiru hima. Koobaa, Shargiifi Soobaa bakkeewan jedhamnittis lammiileen Itoophiyaa hedduun hidhamanii akka jiran dubbata. ‘’Yeroo lama na qabanii jennan karaatti konkolaataa irraa utaaleen baqadhee bade.’’ Namni biraa BBC dubbise Milkeessaa Muummee ammoo mooraa baqattootaa UNHCR Gadaariif keessa akka jiraachaa jiru hime. Milkeessaan dhaabbatni baqattootaaf dhaabbatu UNHCR waraqaa eenyummeessaa dhaabbatichi isaaniif kenne mooraatii bahanii akka hojjetanii jiraatan akka isaaniif hin eeyyamne hime. Mooricha keessa hojiin akka hin jirre kan dubbatu Milkeessaan, gidduu kana ammoo kaampii isaanii keessa lolaan galuun rakkoo hamaaf saaxilamuu hima. ""Carraa biyya sadaffaa nuuf kennaa hin jiran. Biyya irraa baqannee baaneerra. Gaafa UNHCR deemnee iyyannu ammoo himanni keessan madaala hin kaasu, biyya keessan keessa amma dimokiraasiin waan jiruuf deebi’aa galaa nuun jedhu,’’ jechuun BBCtti hime. Dhimma baqattoonni kaasan irratti UNHCR irraa deebii argachuuf yaallee hin milkoofne. Yeroo warana Kaaba Itoophiyaa keessa qofa lammiileen Itoophiyaa naannoo Tigiraay irraa qofa gara 60,000tti tilmaman Sudaanitti baqataniiru. Milkeessan dhaabbaticha irraa gargaarsa gahaa argataa akka hin jirre himee, baanee hojjechuuf gam-tokkoon eeyyama hin qabnu, gama biraan ammoo poolisiin qabee nu hidha jedhe. ‘’Kana dura gara sa’a lamaa kan tahu miillaan deemnee hojii humnaa hojjenna ture. Amma ammoo hin jiru. Gaafa arganne nyaanna, gaafa dhabnes ni dhiisna. Magaala ammoo galuu nuuf hin eeyyaman.’’ Dhalattootni Itoophiyaa Sudaan keessa turan hedduun faddaalotaan gara Liibiyaatti geeffamaa akka turanis BBCtti hime. Namootni baay’een Xaaliyaaniifi Faransaay galaniiru. Garuu namootni hedduun karaatti du’aniiru. ‘’Liibiyaa irraa ammoo Sudaan wayya. Birrii hin qabdu taanaan duutikee du’a saree taha. Fannifamtee garafamta.’’ Lammiileen Itoophiyaa miliyoonaan tilmamaman Sudaan keessa akka jiraatan himama. Biyyootni lameen dhiyeenya daangaa irratti erga wal dhabuu jalqabanii garuu lammiilee Itoophiyaa irra dhiibbaan gahaa turuu namootni BBC’n dubbise himaniiru. Habiib Kadir Abbaa Garoo gara biyyaatti deebi’uu akka barbaadu hima. Garuu maallaqa biyyichaa hanga 200,000 akka isaan barbaachisu dubbata. Lammileen Itoophiyaa Sudaan keessa rakkoo dachaa keessa jiran kunneen gargaarsa barbaachisu nuuf hin taasisne jechuun Imbaasii Itoophiyaa garas jiru komatu. Imbaasiin Itoophiyaa magaalaa Kaartum jiru homaa gargaarsa nuuf gochaa hin jiru jedhe kan jedhu Habiib, bilbila isaanii irra deddebinee bilbillus argachuu akka hin dandeenye hima. Tibbana OBN Dubbii himaa waajjira Ministera Dhimma Alaa Itoophiyaa wabeeffachuun akka gabaasetti, miseensonni hawaasa Itoophiyaa Sudaan jiraatan 18 dhalattoota Itoophiyaa naannoo Umduurramaan jiraatan bakka bu’uun Sudaanitti ambaasadara Itoophiyaa kan tahan, Ambaasaaddar Yiibalxaal Ayimiroo waliin rakkoolee isaan mudataa jiran irratti waliin dubbataniiru. Ambaasaaddar Yiibalxaal Ayimiroo Sudaanitti lammiileen Itoophiyaa, rakkoolee baay’eef saaxilamoo ta’uu himanii, Imbaasichi hamma ga’umsasaa aanga’oota mootummaa Sudaan waliin mari’achuun rakkoolee lammilee mudatan hambisuuf akka hojjetu himaniiru. Dabalataan lammiileen Itoophiyaa Sudaan jiraatan paaspoortii haaraa karaa ittiin argachuu danda’aniifi daddabarsa namoota seeraan alaa to’achuuf irratti waliin dubataniiru. Dabalataan lammiilee Sudaan keessaa jiraachuus ta’e gara biyyaatti deebi’uuf ga’umsa hin qabne deeggaruufi lammiilee daangaa Matammaafi Galabaatiin gara biyyaatti deebi’an irratti meeshaalee qaban irratti gatii olaanaa namoota gaafatan fooyyeessuuf waliin dubbachuutu himame. Sudaan erga waggoota sadii as raafama siyaasaa keessa jirti. Qaala’insi jireenyaa biyyattii keessatti hammaachuun lammiileen biyyattii mootummaa irratti akka fincila kaasan godheera."	https://www.bbc.com/afaanoromoo/articles/c0d13w891jko
politics	Itoophiyaan daangaa irratti miseensota garee IS to'annoo jala oolchuu beeksiste	Itoophiyaan loltoota garee IS jedhuun of waamuu fi Somaaliyaa keessatti socho'u magaalota daangaa Itoophiyaa Somaaliyaa fi Keenyaa daangessan qabu ishee beeksiste. ''Miseensonni al-Shabaab, kan garee IS illee galuudhaaf (gara Itoophiyaa) tattaaffii guddaa gochaa turani. Nutimmoo hordofnee qabnee jirra,'' jechuun qondaalli Raayyaa Ittisaa BBC'tti himaniiru. Raayyaa Ittisa Biyyaatti Itti - gaafatamaan Waajjira Itti-aanaa Itaamaajor Shuumi Koloneel Tasfaaye Ayyaaloo shakkamtoonni 'magaalaalee Jigjigaa, Dirree Dhawaa, Mooyyalee, akkasumas Dollootti qabaman,' jedhan. Baay'ina isaanii fuuladuratti ifa goona kan jedhan qondaalli kuni garuu ''baay'eedha,'' jedhaniiru. ''Lammiileen Itoophiyaa muraasni ni jiru. Harki caalu garuu lammiilee biyya alaati. Warra Yamaniifi Sooriyaa kanatu baay'ata,'' jechuun dubbatan. Yeroo darbe gareen shororkessaa IS jedhamu yeroo duraaf Afaan Amaaraan ergaa qopheessaa akka jiru himee ture. Kuni, hangam nageenya biyyattii yaaddessa kan jenneen qondaalli kuni ''eegumsi keenya cimaa waan ta'ef galuu hin danda'ani. Nuyi eegumsa keenya cimsinee daangaa irratti qabne,'' jedhan. Kana dura yoo Somaaliyaatti yoo ta'e malee loltoonni IS Itoophiyaa keessa to'atamnii hin beekan kan jedhan qondaalli kuni erga isaan afaan Amaaraan ergaa dabarsani as to'atamuu himan. Miseensa IS ta'un isaanii akkam barame kan jenne Koloneel Tasfaaye ''Tokkoffaa nuti achi yeroo ka'an hin beekna,'' jedhan. Dabalataan garuu ''ummata Somaale gamas jiru waliin hojjenna. Jijjirama amma jiru kana waan deeggaruf odeeffannoon takka darbuu hin dandeessu,'' jedhan. Yeroo qabamanis meeshaa waliin ta'u kan himan qondaalli kuni ummanni keessumaa daangaarra jiru odeeffannoo yoo qabaate Raayyaa Ittisa Biyyaatti himuu qaba jechuun ergaa dhaamaniiru. Akka Koloneel Tasfaayen jedhanitti gareen buufata isaa Somaaliyaa taasifate kuni ''namoota hojii barbaacha biyya alaa deeman qabanii qofa dirqisiisani barsiisu'' jedhu. Garuu, ''Afaan keenya xiqqoo xiqqoo barsiisanii kan ergan. Kunimmoo, qabamaa jiru. Ammaa booda yoo dhufanis ni qabna,'' Ammaan achi biyya keenya hamma galanitti hin eegnu kan jedhan Koloneel Tasfaayen ''biyyoota akka Somaaliyaafi kaan gargaarree achumatti akka rukutan goona,'' jedhan. Gareen IS jedhamuufi biyya Somaaliyaa keessa socho'u ergaa afaan hojii federaalaa Itoophiyaa, Afaan Amaaraan, sagaleefi viidiyoon ergaalee qopheessaa akka jiru beeksiseera. Yeroo duraaf afaan biyya Itoophiyaan dabarse kuni Gaanfa Afrikaa irratti miseensota isaa baay'ifachuuf akka yaade kan agarsiisu akka ta'e himu qondaalli Itoophiyaa. Gareen kuni bara 2018 biyya Somaaliyaa, Puntiilaand magaalaa daldalaa kan taatee Bosaasootti lammiilee Itoophiyaa sadii ajjesseera. Dhukaasa itti banameen kan biraa tokkollee madaa'ee ture. MM Abiy erga gara aangootti dhufani as biyyoota Gaanfa Afrikaa gara caalu walitti dhufeenyi isaanii nageenya ta'e gama diinagdeenis akka cimu hojjetaa jiru.	https://www.bbc.com/afaanoromoo/oduu-49658795
sports	G﻿aanaan Poorchugaal injifachuun akkuma Saawud Arabiyaa seenaa hojjettii laata?	Taphataan Maanchisterii fi lammii Poorchugaal Buruunoo Fernaandez Roonaaldoo waliin taphachuun ‘’abjuukoo’’ ture garuu yeroo dheeraaf hin turre jedhe. Kontiraatni Roonaaldoon Maan tuunaayitid waliin qabu waliigalteedhaan addaan citeera. Tapha har’a Poorchugaal biyya Lixa Afrikaa Gaanaa waliin qabdu irratti waa’een Roonaaldoo kun dhiibbaa akka hin qabnes dubbateera. ''Dhimma kana irratti homaa hin dubbanne, xiyyeeffannoon keenya waa’ee garee biyyaalessaa fi Waancaa Adunyaa irra jira,’’ jedhe. Buruunon jaallannus jibbinus murtee Roonaaldoo kabajuun dirqama jedhe. Leenjisaan Gaanaa Ootoo Addoo morkattootni saanii waa’ee Roonaaldoodhaan hin miidhaman hundumtuu mo’achuuf wana taphatuuf jedhan. ''Dhimmakoo miti, kun rakkoo keenya waan hin taaneef, ammoo rakkoo guddaadha jedhee hin yaadu’’ jedhan. Dursaan taphattoota Gaanaa Andiree Ayyuun Poorchugaal garee isanaii keessaa mo’attee darbuuf carraa guddaa akka qabdu himeera. Poorchugaal waraqaa irratti waancicha injifachuuf carraa qabdi, nuy ammo dirree keessatti agarsiifna jedhe dursaan taphattoota Gaanaa Andiree Ayyuun. Leenjisaan swiizerlaandi Muuraat Yaakin garen biyyaalessaa ammaa kun ‘’isa kana duraa kamiyyuu caalaa isa baay’ee cimaadha’’ jedhan. Biyyattiin waancaa Adunyaa afur darban hirmaatte irratti yeroo sadii gara marsaa itti aanu [biyyoota 16tti] darbuu dandeesseetti. Garee G keessatti har’a Kaameeruun waliin morkii cimaa gaggeessu. ''Waan baay’ee fooyyesineerra, amma yerootti seenaa galmeesinudha’’ jedhan leenjisaan Iswiis. Kaameeruun adunyaa irraa sadrkaa 43ffaa irratti argamti. Iswwizerlaandi irraa sadarkaa 28 gadi bu’uun jechuudha. Garuu leenjisaan Gaanaa Riigooberti Soongi gareen isaanii istaadiyeemii Al Januub irratti injifannoo galmeesuuf taphatu jedhan. Taphataan duraanii Liiverpuul amma ganna 46 tahe Waancaa Adunyaa kana irratti ganamumaan waan ajaa’ibsiisaa hin eegamne akka tahe argineerra jedhan. Har’a Biraazil Serbiyaa walii, Uraagaay ammoo Kooriyaa Kibbaa wlaiin morkatu.	https://www.bbc.com/afaanoromoo/articles/czkd1lrg744o
politics	Himannaa paartii Sochii Biyyaalessaa Amaara (ABN) irratti mootummaan maal jedhe?	Paartiin Sochii Biyyaalessaa saba Amaaraa (ABN) ibsa haala nageenyaa naannoo Amaaraa keessa jiruu fi rakkoo saba Amaaraa irra ga'aa jira jedhuun baaseen, mootummaa federaalaa fi paartii Badhaadhinaa MM biyyattii Abiy Ahmadiin durfamu akkaan qeeqeera. Mootummaan biyya bulchaa jiru nageenyaa fi xiinsammuu hawaasaa eeguu hin dandeenye kan jedhe ibsi kun, keessattuu ministira Muummee Abiyiifi qondaaltota paartii badhaadhinaa naannoo Oromiyaa ''gocha shororkeessummaa saba Amaaraa irratti raawwataa jiru,'' jechuun himateera. Ibsa ba'e kanarratti yaada kan kennan Hoogganaan Sab-quunnamtii fi hariiroo alaa Paartii Badhaadhinaa Dr Biqilaa Hurrisaa, waggoota sadan darban kana keessa paartiin ibsa baasee mootummaa qeequurra darbee sadarkaa shorokeessaatti hamma ramaduutti yaadasaa ibsachuu danda'uun mataansaa milkaa'ina tokko jedhan. Paartiin ibsa baase kun paartilee finxaaleyyii biyya keenya keessa jiran keessaa tokko kan jedhan Dr Biqilaan, mootummaan humnoota finxaaleyyii gocha badiif waamicha akkasii dhiyeessan hordofee tarkaanfii ni fudhatas jedhan. ''Ibsi ba'e bu'uura hin qabu. Paartilee finxaaleyyiin akkasuma baasaa yoona ga'an. Mootummaan nageenya uummataa eegu shororkeessaa ta'uu hin danda'u.'' Paartiin ABN ibsa baase keessatti qondaaltota paartii badhaadhinaa kan naannoo Oromiyaa qofa hin himanne, kan naannoo Amaaraa jiranis uummata gowwoomsuurra darbanii bu'aa buusan tokkollee hin qaban jedheera. Uummata Amaaraa kan shorokeessaa jiru Waraana Bilisummaa Oromooti kan jedhe paartiin kun, kanaafis Ministira Muummee Abiy himateera. ''Hooggantoonni ABO-Shanee magaalaa Finfinnee walakkaa taa'anii hooggansa kennuun akka qaami hidhate kun akka fedhetti baankiiwwan saamee humnasaa cimsatu iyyamameefii, haallis mijateefii jira. Garee kana bakka inni turee kan gara biyyaa galche hooggansa Ministira Muummeeti,'' jedha ibsi kun. ''Kanaan dura Ministira Muummee mataasaanii dabalatee akka ibsanii turanitti, garee jedhame kana waliin odeeffannoo wal jijjiiraa akka turan kan beekamuudha. Ammas taanaan tarsimoo addaa bocuun gurmeessaa, deeggeraa fi kunuunsaa jiraachuu dhaabi keenya sirriitti amana,'' jedha ibsi kun dabaluun. Kanarratti yaada kan kennan Dr Biqilaan, paartileen wayita karaa nagaa siyaasa keessatti hirmaachuu dadhaban gara kanatti seenuu jedhan. ''ABN karaa nagaa siyaasa tarkaanfachiisaa wayita dadhabu karaa hawaasa walitti buusuun goolama uumuu kana filate. Fedhii karaa qaxxaamuraan deemuuf qaburraa ibsa kana baase,'' jedhan. Ibsi kun paartilee biyya kana keessa karaa nagaan sochoona jedhan irraa kan eegamu hin turre kan jedhan Dr Biqilaan, ''ta'us ibsi kun kan sadarkaa fi yeroo irra jirru hin madaalleedha,'' jedhan. ''Rakkoon Itoophiyaa hookkara kaasuun dhiiga dhangalaasuudhaan kan furamu miti. Mootummaan karaa nagaan mari'atee rakkoo furuuf fedhii qaba. Yoo rakkoon daangaa darbu ammoo olaantummaa seeraa ni fudhata.'' Paartileen bilisummaan yaadasaanii ibsachuuf mirga qabu kan jedhan Dr Biqilaan, garuu akkaataa uummata walitti buusuu fi biyya balaaf saaxiluun ta'uun irra hin jiraatus jedhan. ''Paartiin kamuu karaa nagaan deemee mootummaa yoo qeeqe maaliif hin jennu. Imaammataa fi tarsimoon mootummaa paartii kamiinuu yoo qeeqame rakkoo hin qabu. Garuu karaa hamilee fi xiinsammuu uummataa kabajeen ta'uu qaba. Paartiin ejjennoonsaa uummata walitti buusu yoo jiraate, seeraan gaafatama. Paartiin ABN ibsa qabiyyee uummata walitti buusu qabaannaan gaafatamummaa seeraa jalaa hin ba'u.''	https://www.bbc.com/afaanoromoo/oduu-56802445
health	Koroonaavaayiras: Gaazexeessituu BBC awwaalcha durbii ishee ‘Facebook Live’n hordofte	Gaazexeessituu BBC, Mersii Juumaa: Qajeelfama mootummaan Keeniyaa awwaalcha yeroo weera koroonaavaayiras ilaalchisuun baase hunduu nibeeka. Durbiikoo Kiriis awwaaluuf namoota 15 qofatu walitti qabame. Sagantaan hundis ganama sa’aatii 3’tti dhumuu qaba ture. Ganama sa’aa tokkotti warreen mana jirru tamsaasa kallattii hiriyyaan isaa Feesbuuk irratti gadhiise ilaaluuf bilbilaafi koompiitara keenya fuuldura teteenye. Kiriis nama uummataan jaalatamuufi sagantaawwan bashannanaa maatii kan bareechaa ture dha. Yeroo dhumaaf isa geggeessuuf namoonni dhibbaan lakkaa’aman tamsaasa kana daawwachaa turre. Kolfi isaa bareedaan mooraa manaa osoo hin seenin fagoorraa nama ga’a ture. Sagantaawwan cidhaa, awwaalchaa fi kaan irratti namoota kakaasuun dafee kan qaqqabu ture. Guyyaa kanatti nutis isa geggeessuuf wal-geenye, garuu bakkichatti argamuu dhabuun miira wal-fakkaataa hin qabu. ‘Sirboota inni jaalatu banuu hin dandeenye’ Kiriis durbii kooti, ta’us mana tokkotti waan guddanneef, obboleessaa ol naaf ta’a. Lixa Keeniyaa, Kisuummuutti torbanoota muraasaaf dhibee tiruutiin dhukkubsachaa turee, guyyaa ayyaana Faasikaa lubbuun dabarte. Mootummaan dambii awwaalchaa nuuf kennee ture. Guyyaa sadii keessatti awwaalamuu akka qabu. Hiriyoonniifi firoonnisaa hedduun Naayiroobii cufamtee jirtu keessa jiraatan garuu  awwaalcha isaaf dhaqqabuu hin dandeenye. Sagantichi gabaabaa, haasawa dheeressuun kan itti hin danda’amne ture. Faarfannaanis muraasa ture. Kiriis muuziqaa baay’ee jaalata, mana kadhannaa ‘Saalveeshin Aarmii’ jedhamu keessatti dibbee taphata ture. Namni kamuu muuziqaawwan jaalatu geggeessa isaarratti taphachuu dhabuun hedduu nama dhukkubsa. Hiriyoonniifi miiltoowwan hojiisaa tamsaasa kallattii kanarratti yaada yoo roobsan argaan ture. ‘Gadda diigitaalaan’, Kiriis nama gaarii akkamii akka ture ergaawwan ibsan kaa’amaniiru. Tarii kuni barruu gaddi itti ibsatame akka ta’uuf maxxansee ol-kaa’uun qaba. Wanti hunduu adda ture. Wal-hammachuufi imimmaan walii arguun hin turre. Yeroo saanduqni boollatti galu, biyyee hammaarree naquu hin dandeenye. Namni jaalattu yoo du’u gadduu feena, nagaatti jechuunii barbaanna. Yeroo akkas hidhamnee jirru kanatti garuu akkamiin kana goona? Baay’een aare. Naman akkasitti jaaladhu karaa miidiyaa hawaasummaan nan awwaala jedhee yaadee hin beeku. Nama hammachuu akkasitti barbaadee hin beeku. Ani taatee ta’uu koon alatti, filmiidhuma fakkaata ture. Haala nama gaddisiisuun tamsaasni kallattii sun sababa neetworkiin waan adda citeef, haga dhumaatti nagaatti jechuufillee hin carroomne. Barmaatileen sirna awwaalchaa yoo ibsaman Namni yoo du’u kabaja guddaatu taasifamaaf. Geggeessaa dogoggora hin qabne gochuuf wantoonni taasifaman hedduun jiru. Awwaalchi ariitiin hin geggeeffamu, keessumaa nama umuriin guddaaf. Duuti namaa gadduma walakkaatti nikabajama. Ga’eessi tokko awwaalamuuf yoo xiqqaate torbee tokko fudhata. Boo’ichi guddaan, namoonni reebamuun guyyootaaf taasifama. Warra maatiin jalaa baddalame namoonni walitti qabamanii jajjabeessu. Beeladoonni qalamanii nyaanni qophaa’ee osuma nyaatamuufi dhugamuu, awwaalchaaf guyyaan lama yoo hafu saanduqni reeffa qabate qe’eetti galee taa’a. Kunis yeroo lubbuun dabartanittillee isin kabajna jechuu agarsiisa. Lixa Keeniyaa kan jiraatan sabni Luwoo, sirnoota awwaalchaa beekamoo biyyattii keessatti argaman keessa tokko kan ta’e qabu. Yoo xiqqaate sagantaawwan 10 namni yoo du’u hanga awwaalamutti kan taasifamu yoo ta’u, namoonni hedduun akka walitti qabaman taasisa. Yeroo weeraraa kanatti garuu, baraatilee kunneen geggeessuun waan hin yaadamne dha. ‘Gaddi nakeessaa hin baane’ Guyyoota lamaan du’aafi awwaalcha Kiriis gidduu turanitti, maatiin sagalee ol-kaasee boo’uun hin hayyamamneefi, kunis ollaan dhaga’ee birmachuu dhufa jedhamee sodaatameeti. Guyyoota 40 booda sagantaa godhamu irrattis wal-ga’uu waan dandeenyu miti Kanaafuu, gadda kiyya guutummaatti hin baafne, Kiriis akkasitti geggeeffamuu hin qabu ture.	https://www.bbc.com/afaanoromoo/oduu-52781837
entertainment	Albama Hiriyyoolee-Sirba cidhaa cimdiiwwan 12 wal fuusise eenyu weellise?	Albamni sirboota cidhaa of keessatti qabate Hiriyyoolee jedhu tibbana dhaabbata pirodaakshinii Bashaatuu Maltii Miidiyaan qophaa'uun eebbifame cimdiiwwan 12 baasii isaanii danda'uun wal fuusiseera. Albamni kun yeroo hojjetamu misirroonni cimdii 12 tahan baasiin isaanii kaffalameefii irratti wal fuudhaniiru, kaanis sirna isaanii irratti miidhaksataniiru. Albamni sirba cidhaa qabate kun sirboota aadaa yeroo cidhaa sirbaman godinaalee Oromiyaa garaagaraa irraa walitti qabuun hojjetame. Albamni sirboota cidhaa kun kan jalqabaati kan jedhuu fi kaan ammoo kan jalqabaa miti jedhu miidiyaa hawwaasaa irratti wal falmii kaaseera. Hojii gaazexeessummaan kan beekamtu Bashaatuu Tolamaariyaam karaa dhaabbata ishee BMT sirba kana qopheessuu himti. Albamni kun Hiriyooleen maqaa jedhamuun waamama. ''Hiriiyoleen sirba naannoo Gujiitti beekamudha. Yeroo shammarreen tokko heerumtu walitti dhufuun sirba sirbanidha. Albama keenya keessas sirbi hiriyoolii tokko jira. Albamichis walitti dhufeenya hiriiyootaan waan hojjetameef maqichuma kennineef.'' Albamni Hiriyoolii sirboota 11 kan of keessaa qabu yoo tahu, sirba cidhaa godinaalee Oromiyaa babbareedoon waan hunda hammachuu dadhabnus hanga dandeenyefi arganneerra miidhaksinee hojjenneerra jette. Bashaatuun dura gaazexeesummaan beekamtu amma alabama kana keessatti sirba sirbite qabdii? Gaaffii BBC'n gaafate ture. Bashaatuun kolfaan qasa'uun ''lakki, lakki, ani waan sirba jedhamu kana homaa hin danda'u. Osoo an sirbee silaa dhaggeeffattootni albamichayyu hin dhaggeffatan,'' jechuun qoosaan deebiste. Sirbootni kunneen kan uummataa yoo tahan namoota adda addaatu walaloo isaa barreessee yeedaloo isaafis gumaache jette Bashaatuun. Qabiyyee isaa duraanii [original] kan tahe osoo hin gadhiisin waraabbii istuudiyoo bareedaadhaan hojjenne. Waraabbii isaa irratti misirrootni wal fuudhan cimdii 12 argamuun wal fuudhaniiru. ''Saganticha irra nyaanni, dhugaatiin jira. Sirbi ammoo kan cidhaatu sirbama. Waan hunduu qophaa'ee kan hafe misirroota qofa malee sagantichi qophiin isaa cidhumadha. ''Erga akkas tahee maaliif namootni as irratti wal hin fuudhan jennee yaaduun karaa miidiyaa waamicha dhiyeessuun akka wal fuudhan goone.'' Itoophiyaa keessatti qaala'insi jireenyaa haalaan hammaateera. Cidhaaf baasiin barbaachisu guddaa waan taheef namootni galii gidduugaleessaa fi gadi aanaa qaban sagantaa cidhaa bareedaa qopheessuun wal fuudhuuf itti ulfaachuu danda'a. Bashaatuun namoota galmaa'an akka uffata isaanii qofa fidanii dhufan goone. Firoota isaaniis saganticha irratti afeerreerra. Namootni akkasumatti wal fuudhuun mana tokko jiraachuu jalqaban jiru. Kan guyyuma sana saganticha irratti wal fuudhanis jiru jetet. Saganataa waraabbii albama cidhaa kana irratti cimdiwwan 12 jechuun misirroonni 24 wal fuudhaniiru. Bashaatuun gammachuun isaanii ''baay'ee adda ture'' jette. Sirbootni kunneen godinaalee Oromiyaa hundaa irraa tahuu baatus Wallagga, Shawaa, Gujii, Harargee fi kaan irraa hammateera jette Bashaatuun. Sirbootni cidhaa adda addaa Afaan Oromoodhaan waggoota dheeraa duraa jalqabuun hojjetamaa turan. Gama dhiiraa fi dhalaan jechuudha. Haa tahu malee weellistootni sirba cidhaa hojjetan albama isaanii keessaa sirba tokko fa'aati galchaa turan. Bashaatuun kan jalqabaati jedhamuun isaa sirrii tahuu himuun biyya keenya keessa ragaan qindaa'ee waan ol hin kaa'amneef mirkaneessuun rakkisaadha jetti. ''Kan jalqabaatis mitis jechuun ni rakkisa,'' kan jettu Bashaatuun garuu ''albama guutuudhaan sirba cidhaa hojjetamee Afaan Oromoon bahe hanga ammaatti hin dhageenye hin argines'' jette. Albama kana keessa sirbi yeroo guyyaa dhaloota ijoollee kabajanii fi yeroo eebba barattootaa fayyadaman jira. Jalqabuma yaada kana kan fidan injiner Alamuu nama jedhamanidha kan jettu Bashaatuun yeroo ayyaanota akkasi hanqinni sirbaa jiraachuu hubachuun maaliif hin hojjetan nu jedhan. Isaan baasii isaa irratti nu deeggaran jennan hiriyootni walitti dhufnee istuudiyoo bareedaatti hojjetamee dhaggeeffattoota Afaan Oromoo qofa osoo hin taane dhaggeeffattoota afaan kaanii birattis qulqullinaan akka dhaggeeffatamuu danda'u goone jette. Bashaatuun dhiyeenya aartii Oromoo guddisuu keessatt qooda guddaa qaba kan jedhame 'Oda Award' qopheessuunis beekamti.	https://www.bbc.com/afaanoromoo/oduu-61439408
sports	Arsenaal fi Chelsii tapha michummaa taasisan irra aanan	Leenjisaan Arsenaal Mikeel Arteettaan erga kilabni isaa tapha michummaa Everton wajjiin taasisan 2fi 0n injifatan booda taphataa haaraa mallatteessan, Gaabri'el Yesuus, akkaan jajan. Taphataan £45m itti baasanii bitan kun barri taphaa adoo hin jalqabamin dura gahumsa dansaa agarsiisaa kan jiru oggaa tahu, tapha biyya Ameerikaa, Baaltimooritti taasifame irratti daqiiqaa 33 irratti goolii galche. Taphataan lammii Biraazil kun torbanoota darbanittis kilaba Nuremberg irratti galchii lama kan lakkoofsise oggaa tahu, galchii lammeessoo kilabichaaf Bukaayoo Saakaaf kubbaa mijeessee dabarseera. ''Haala hin eegamne uuma, [ati otoo hin beekin] yeroo hunda dudduuba kee jira,'' jedhe Arteettaa. ''[Morkattootaaf] sodaa uuma, kanadha kan barbaadaa turre. Bakka hundaaf tola, tahus garuu iddoon akka inni taphatuu barbaadnu [lakkoofsa sagal] irratti.'' Arsenaal magaalaa Orlaandotti torban dhufu keessa, Orlaandoo Siitii fi Cheelsii wajjin ni taphata. Cheelsiin gamasaaniitiin yeroosaanii barri taphaaa jalqabamuun dura jiru, moo'ichaan eegalaniiru. Tapha kilaba biyya Meeksikoo Kilab Ameerikaa jedhamu wajjin Laas Veegaasitti taphatan 2fi 1n irra aananiiru.   Chelsiin daqiiqaa 55tti dursa kan qabatan oggaa tahu, goolii jalqabaa kan lakkoofsise Timo Werner ture. Kilab Ameerikaa haala adda taheen walqixa tahe. Kunis wayita Riis Jeems karra eegaa isaaf gara duubaa dabarsuuf yaaliin taasise, galchii ofitti naqe. Boodarra garuu taphni obba'uuf daqiiqaan torba wayita hafutti Mason Mount goolii bareedaa fageenyarraa galche. Chelsiin guyyaa Roobii Kaarolaayinaa Kaabaatti Kilaba Charlotte wajjin kan taphatu ennaa tahu, Sambata ammoo Arsenaal wajjin falmu. Magaalaa Hiwustanitti ammoo shaampiyoonaan baranaa Maanchistar Siitiin Kilab Ameerikaa wajjin taphatu. Taphattootaafi leenjistoota haaraa makaman, uffata haaraa - deeggartoonni kubbaa miilaa waqtiin taphaa inni ijoo otoo hin eegalamin dura, sagantaa kanaan walargu. Weerarri koronaavaayiras seenuun, uggurri kaa'ame erga kahee booda taphni bara taphaan dura taasifamu (pre-season) 2019n booda yeroo duraatiif taphachaa jiru.	https://www.bbc.com/afaanoromoo/articles/c4nzgex5ed4o
health	Wal-qunnamtii saalaa fi Koronaavaayiras- wantoota beekuu qabdan	Yoon wal qunnamtii saalaa taasise koronaavaayirasiin na qabataa? Kana yaaddee garuu gaaffachuuf qaanofte ta'uu danda'a. Dhugaa jiru oduu sobaa irraa adda baasuuf oggeessota gaafanneerra. Oggeessa fayyaa Dr Aleeks Joorji fi geezexxessituu saal-qunnamtii Aliiks Fooks gaafanneerra. Dr Aleeksi Joorji: Yoo jaallallee qabda ta'e… nama sana waliin jiraatta ta'eefi naannoo tokko keessa waliin ooltu ta'e halli jiru hin geeddarramu. Haa ta'u malee isin keessa namni tokko mallattoowwan vaayirasichaa qaba yoo ta'e, manuma keessattillee walirraa faggaachuun filatamaadha. Akka yaadaatti mana ofii keessattilee, namni hundi meetira lama utuu walirraa fagaatee gaaridha, kun garuu waan badaa hin danda'amne ta'uun nuuf gala. Aliiksi Fooksi: Dabalataan ati mallattoo koronaavaayirasii salphaa ta'e qabda yoo ta'e jaalalleen keefis akkasuma ta'e jette yaaduu dhiisuun barbaachisaadha. Kanaaf, yoo maallattoo kamiyyuu qabda yoo ta'e hanga dandeessutti jaallalleekee irraa fagaadhu. Dr Aleeksi: Yeroo kanatti jaalallee haaraa qabachuun gaariidha jedhee hin qorsu, sababiinsaa vaayirasicha daddabarsuu dandeessa. Aliiksi Fooksi: Namootni vaayirasicha qaban tokko tokko maallattoo dhukkubichaa akka hin argarsiisne hin dagatiin. Kanaaf yoo guutummaatti fayyummaan sitti dhaga'ama ta'ellee… walitti hiquufi dhungoon nama sanatti vaayirasicha dabarsuu dandeessa ykn namni sun sitti dabarsuu danda'a. Dr Aleeksi: Namni ati dhiyeenyatti dhungatte ykn waliin hariiroo qabbaatte koronaavaayirasii qaba jettee yoo shakkita ta'e, qofaatti adda of baasuu qabda. Yoo mallaattoo agarsiisuu eegalte, of eeggannoo dabalataa goochuu qabda. Sana booda wal'aansa oggeessotarra argachuu qabda. Aliiksi Fooksi: Ofii keenyaafi nama haariroo qabnuuf itti gaafatamummaa qabaachuu qabna. Mallattoo dhukkubichaa agarsiisuu yoo eegalte nama dhiyeenya sanatti dhungatte ykn waliin haariroo qabaattetti himuu qabda. Yoo namni ati waliin turte sun mallaattoo dhukkubichaa qabaatee ati garuu hin qabaannellee, qoofatti adda of baasun sirra jiraata. Aliiksi Fooksi: Deebiin isaa jalqabuma maaliif kondomii hin fayyadamtanii kan jedhu irraatti hundaa'a. Sababni isin kondomii hin fayyadamneef, waan lamaan keessanuu dhibee saal-qunnamtiin darburra bilisa taataniif ykn ammoo maloota ulfa dhorkan biraa fayyadamtaniif yoo ta'e rakkoo hin qabu. Garuu sababootaa kana utuu hin qabaatiin fayyadamaa hin jirtan yoo ta'e, yeroo kaan caalaa amma fayyadamuu qabdu. Dr Aleeksi: Qaama saalaa walii tuqxu taanaan wal dhungachuun keessan hin oolu, akkuma beeknu immoo vaayirasichi hancufaan ni darba. Walumaa galatti carraan koronaavaayirasiin - afaan keessan irraa harka keessanitti - harka irraa gara afaan ykn funyaan nama biraatti darbuu jiru carraa vaayirachaan qabamuu dabala. Carraa kana hanga dandeenyutti xiqqeessuu barbaadna. Kanaaf wal tuxxuqaa jaallallee wajjiin hin jiraannee waliin qabnu hir'isuu qabna. Aliiksi Fooksi: Weerarri kun namootni baay'ee karaa ittin jireenya saalqunnamtii gaarii ittin qabaatan irratti akka yaadan taasiseera. Jaallellaawwan yeroo kanatti bakka adda adda jiran ammoo maloota haraa uumaa jiru. Yoo mala uummachuu dandeesse, yeroo gaarii dabarsuuf jaalalleekee waliin qaamaan waliin jiraachu hin qabdu. Aliiksi Fooksi: Yoo qorichaa HIV fudhachaa jirta ta'e lakkoofsi CD4' kee (lakkoofsa seelii dhiigaa adii dhibee ofirraa lolu) gaariidha kanaaf qaamnikee dhibee ofirra ittisuu danda'a. Kana jechuun waanti addaa koronaavaayirasiif si saaxilu hin jiru. Yoo HIV qabda ta'e, qorichakee fudhachuu itti fufi. Akkuma nama kaaniis seeraa qofatti adda baasuu hordouu qabda.	https://www.bbc.com/afaanoromoo/oduu-52095616
entertainment	Ukee: Ayyaanni Ijoollee Shawaa Kaabaatti akkamitti kabajama?	"Ayyaanni ijoollee Ukee jedhamuun beekamu A L I'tti Hagayya 13 waggaa waggaadhaan kabajama. Ayyaanni kun akkaataa amantaa Kiristaanaatiin hiikaa mataasaa kan qabu yoo ta'es, iddoowwan hedduutti bifa aadaatiin kabajama. Iddoowwan ayyaanni Ukee haala hoo'aadhana itti kabajamu keessaa ammoo Salaale isa tokko. Salaaletti ayyaanni Ukee kun ayyaana Ijoollee jedhamuuni kan beekamu.Akkaataa kabaja ayyaana Ukee kana ilaalchisuunis maanguddoota Salaaleerraa Iyyaafanneerra. Obbo Amdee Abarraa jiraataa aanaa Kuyyuu magaala Garba Gurraachaati. Ayyaana Ukee kana ofii isaaniitiifis kabajanii akka guddataniifi yaadannoo cimaa akka irraa qabanis himu. ""Ayyaanni Ukee kun ayyaana ijoolleeti. Ijoolleen ayyaana kana hawwiidhaan eegdi. Ayyaana kanaaf qophii godhamutu jira. Gaafa A L I Hagayya 12 ijoolleen muka jiidhaadhaan goojjoo [gooo] ijaarratti. Maatiin ammoo manatti daabboo Ukee qopheessaf,"" jedhan. Qophiin ayyaana Ukee kun jala bultiirraa kan jalqabuufi gaafa Hagayya 13 ammoo ijoolleen dabboo Ukee kanaafi aannan qabatanii gara gooo jala bultiirratti ijaarratanii kana deemu jedhan. Ayyanni Ukee kana ijoolleen akkuma walitti dhufeenya isaaniitti garee gareedhaan qofaa qofaatti kabaju. Maatiin ijoollees aannan elemtuutti qabatanii ijoollee isaanii bakka godoo ijaarratan kanatti geessu jedhan Obbo Amdeen. Maanguddoon Salaalee Obbo Dirribaa Fayyisoo ammoo ayyaana Ukee kanarratti ijoolleen daabboo tokkoofi ulee cirii (Muka jiidhaa baala qabu) harkatti qabachuun si'a sadii godoo sanatti naanna'anii sirbu jedhu. ""Ukee yaa ukee Ukee bara quufaa Indaaqqotu dhuufa,..."" jedhanii barri haaraan dhufu bara quufaa akka ta'u hawwu jedhan. ""Ukee yaa Ukee, Ukee bara beelaa Indaaqqotu eela"" jedhanis barri yoo beela ta'e Indaaqqonillee akka miidhamtu ibsu jedhan. Si'a sadii erga godoo sana marsanii sirbaniin boodas cirriisaanii godootti hirkifatanii, keessa seenuun daabboo sana aannaniin unatanii nyaatu.Kabaja ayyaana Ukee kanarratti kan hirmaatu ijoollee umriin isaanii wagga 13 fi isaa gadi ta'an yoo ta'u, kanneen umriin isaanii gahe akkaataa kabaja ayyaanichaa keessaa baafaman akka qaban himu Obbo Amdeen. ""Ayyaana Ukee kana ijoolleen akkaataa gadaa ishii xumurtee keessaa baatu qabdi. Kan ariifate wagga 10tti keessaa baha. Kan ture ammoo waggaa 13tti. Daa'imni bahu barbaadu 'ani baranaan booda Ukee keessaan baha' jedhee garee isaatti hima,"" jedhan. Daa'imni kabaja Ukee keessaa bahu barbaadu kunis karaa balbala godoo sanaa osoo hin taane godoo cabsee utaalee keessaa bahuun fiiga. Ijoolleen godichia keessa jiran ulee fudhatanii ari'u jedhan. ""Mucaan goojjoo cabsee fiige kana ijoolleen ariitee yoo dhaqqabuu dadhabde inni Ukee xumureera jechaadha. Bara dhufu hin kabaju. Yoo ijoolleen isaa dhaqqabde garuu ulee sanaan rukutti. Ukee keessaa bahu hin geenye waan ta'eefis dirqama bara dhufus kabaja"" jedhan. Ayyaanni Ukee kuni ayyaana ijoollee waan ta'eef namni jabaan keessatti hin hirmaatu. Aadaan kabajaa kunis iddoowwan baadiyyaa ammallee jiraatus haphachaa akka dhufes himu maanguddoonni Salaalee dubbisne."	https://www.bbc.com/afaanoromoo/oduu-58265604
sports	Mesuut Oziil: Manaajarri yeroo Arsenaal dhimma Oziil 'ilaaluuf'	"Yeroo Arsenaal kaleessa Maanchester Siitiidhaan 3-0 mo'amuun dubbiin itti hammaataa jirtu kanatti dhimmi taphataa cimaa sarara gidduu Mesuut Oziil ammoo cittoorratti fanxoo itti ta'aa jira. Tapha Maanchester Siitii waliin tureratti Oziil yeroo jijjiiramutti miira aarii agarsiiseera. Manaajarri kilabichaa kan yeroo Freddie Ljungberg akka jedhutti dhimma Mesuut Oziil kana ""duukaa bu'uuf"" akka jiru dubbateera. Taphataan lammii Jarman kun tapha 3-0 mo'ataman kana irratti yeroo jijjiiramee ba'utti waan harkatti diratee ture ofirraa baasee darbete, akkasumallee dhiituudhaan miira hin malle agarsiisee ture. Taateen kun kan uumame Arsenaal  akkaataa Musiliimonni Chaayinaa keessa jiran itti qabamaa jiranirratti miidiyaa hawaasummaa irratti Oziil yaada kennee keessaa harka hin qabu jedhee saatii muraasa boodadha. ""Akkamitti akka yaada irratti kenne kan jedhu dhimma isaati nuti ammoo baada kan duukaa kan buunu ta'a,"" jedhe Ljungberg. ""Ani kanan as jiru hojii guyyaa guyyaatti hojjetamuufidha. Garuu nuti taphattoonni keenya akka fedha isaaniitti yaada kennuun mirga isaaniiti. Ani garee kana keessatti humna caalaan barbaada."" Taphataan ganna 31 kun yeroo taphataa biraa ganna 19 Emilii Ismiiziin jijjiiramee ba'utti deggertoonni isaa itti uursanii turan tapha Dilbataa kanarratti. Leenjisaan kun  Unaa'ii Emirii jalatti gargaraa ta'ee hojjechaa kan ture yoo ta'u erga Manaajariin Arsenaal ar'amee akka yeroodhaaf leenjisuuf ture kan itti gaafatamummaan kennameef. Leenjisaa Arsenaal ta'uudhaaf muudamuu malu kanneen jedhaman akka Kaarloo Anchelootii, Nuunoo Espiriittoofi Maayikeel Arteettaa maqaan isaanii ka'ulleen murteen boordii kilabichaatiin ta'e hanga ammaa hin jiru. Taphataan Piriimer Liigii duraaniifi Istaadiyoomii Emireetis keessatti ammoo xiinxalaa BBC Radio 5 akkas jedhe: ""Oziil baayyee gammadaa miti. Sodaa inni qabu nan hubadha garuu akka kanaa gochuu qaba jedhee hin yaadu. Leenjisaa isaa ni kabaja- 'ana hin baasiin' jedhees ture. Arsenaal ilaalchisee amma wanti gaafatamuu qabu  jedha xiinxalaa kun 'maaliif Ljungberg  jalatti kan yeroo Emiree jala yeroo turaniin gadi ta'e? kan jedhudha. ""Murtee barbaachisaa ta'e fudhachuudhaan rakkoo manaajarri kun keessa jiru keessaa baasuu barbaachisa."""	https://www.bbc.com/afaanoromoo/oduu-50805167
